2026-04-14 11:56:25,735 [INFO] === Backfill 시작: 2024-07-01 ~ 2026-04-14 ===
2026-04-14 11:56:25,736 [INFO] 청크 크기: 7일, 총 94개 구간
2026-04-14 11:56:25,736 [INFO] 이미 완료된 구간: 0개 (건너뜀)
2026-04-14 11:56:25,736 [INFO] 
[1/94] 2024-07-01 ~ 2024-07-08
2026-04-14 11:56:25,859 [INFO] [SystemConfig] DB 연결 시도 (1/3)...
2026-04-14 11:56:26,039 [INFO] [SystemConfig] 로드 완료: 54건
2026-04-14 11:56:26,039 [INFO] [SystemConfig] 카테고리: ['Cafe24', 'Sabangnet', 'General', 'MetaAdAPI', 'NaverAdAPI', 'Common', 'GoogleKeywordAPI', 'NaverKeywordAPI', 'API', 'Gemini', 'Notification', 'FrogCafe24']
2026-04-14 11:56:26,042 [INFO]   - Cafe24: ['ROLLING_DAYS', 'SLACK_ENABLED', 'SLACK_WEBHOOK_URL', 'MALL_ID', 'CLIENT_ID', 'CLIENT_SECRET', 'ACCESS_TOKEN', 'REFRESH_TOKEN', 'TOKEN_EXPIRES_AT', 'REFRESH_TOKEN_EXPIRES_AT', 'API_VERSION']
2026-04-14 11:56:26,042 [INFO]   - Sabangnet: ['ROLLING_DAYS', 'SLACK_ENABLED', 'SLACK_WEBHOOK_URL', 'COMPANY_ID', 'AUTH_KEY', 'API_URL']
2026-04-14 11:56:26,042 [INFO]   - General: ['BATCH_SIZE']
2026-04-14 11:56:26,043 [INFO]   - MetaAdAPI: ['APP_ID', 'APP_SECRET', 'ACCESS_TOKEN', 'AD_ACCOUNTS', 'SLACK_WEBHOOK_URL']
2026-04-14 11:56:26,043 [INFO]   - NaverAdAPI: ['CUSTOMER_ID', 'ACCESS_LICENSE', 'SECRET_KEY', 'TARGET_CAMPAIGN_NAME', 'SLACK_WEBHOOK_URL']
2026-04-14 11:56:26,043 [INFO]   - Common: ['USD_TO_KRW_RATE', 'SLACK_WEBHOOK_URL_SALES', 'BOK_API_KEY']
2026-04-14 11:56:26,043 [INFO]   - GoogleKeywordAPI: ['developer_token', 'client_id', 'client_secret', 'refresh_token', 'manager_customer_id', 'default_customer_id', 'SLACK_WEBHOOK_URL']
2026-04-14 11:56:26,043 [INFO]   - NaverKeywordAPI: ['customer_id', 'access_license', 'secret_key', 'SLACK_WEBHOOK_URL']
2026-04-14 11:56:26,043 [INFO]   - API: ['YOUTUBE_API_KEY']
2026-04-14 11:56:26,043 [INFO]   - Gemini: ['GEMINI_API_KEY']
2026-04-14 11:56:26,043 [INFO]   - Notification: ['SlackWebhookURL']
2026-04-14 11:56:26,044 [INFO]   - FrogCafe24: ['MALL_ID', 'CLIENT_ID', 'CLIENT_SECRET', 'ACCESS_TOKEN', 'REFRESH_TOKEN', 'API_VERSION', 'ROLLING_DAYS', 'TOKEN_EXPIRES_AT', 'REFRESH_TOKEN_EXPIRES_AT']
2026-04-14 11:56:26,050 [INFO] [INFO] SystemConfig DB에서 Access Token 로드 완료
2026-04-14 11:56:26,050 [INFO] [INFO] Refresh Token으로 Access Token 갱신 시도
2026-04-14 11:56:26,479 [INFO] [SystemConfig] Cafe24.ACCESS_TOKEN 업데이트 완료
2026-04-14 11:56:26,521 [INFO] [SystemConfig] Cafe24.TOKEN_EXPIRES_AT 업데이트 완료
2026-04-14 11:56:26,567 [INFO] [SystemConfig] Cafe24.REFRESH_TOKEN 업데이트 완료
2026-04-14 11:56:26,612 [INFO] [SystemConfig] Cafe24.REFRESH_TOKEN_EXPIRES_AT 업데이트 완료
2026-04-14 11:56:26,625 [INFO] [INFO] 토큰 갱신 완료 (유효기간: 7200초)
2026-04-14 11:56:26,626 [INFO] [INFO] Access Token 갱신 성공
2026-04-14 11:56:26,954 [INFO]   주문 없음
2026-04-14 11:56:27,956 [INFO] 
[2/94] 2024-07-08 ~ 2024-07-15
2026-04-14 11:56:27,956 [INFO] [SystemConfig] DB 연결 시도 (1/3)...
2026-04-14 11:56:27,981 [INFO] [SystemConfig] 로드 완료: 54건
2026-04-14 11:56:27,982 [INFO] [SystemConfig] 카테고리: ['Cafe24', 'Sabangnet', 'General', 'MetaAdAPI', 'NaverAdAPI', 'Common', 'GoogleKeywordAPI', 'NaverKeywordAPI', 'API', 'Gemini', 'Notification', 'FrogCafe24']
2026-04-14 11:56:27,982 [INFO]   - Cafe24: ['ROLLING_DAYS', 'SLACK_ENABLED', 'SLACK_WEBHOOK_URL', 'MALL_ID', 'CLIENT_ID', 'CLIENT_SECRET', 'ACCESS_TOKEN', 'REFRESH_TOKEN', 'TOKEN_EXPIRES_AT', 'REFRESH_TOKEN_EXPIRES_AT', 'API_VERSION']
2026-04-14 11:56:27,982 [INFO]   - Sabangnet: ['ROLLING_DAYS', 'SLACK_ENABLED', 'SLACK_WEBHOOK_URL', 'COMPANY_ID', 'AUTH_KEY', 'API_URL']
2026-04-14 11:56:27,982 [INFO]   - General: ['BATCH_SIZE']
2026-04-14 11:56:27,982 [INFO]   - MetaAdAPI: ['APP_ID', 'APP_SECRET', 'ACCESS_TOKEN', 'AD_ACCOUNTS', 'SLACK_WEBHOOK_URL']
2026-04-14 11:56:27,982 [INFO]   - NaverAdAPI: ['CUSTOMER_ID', 'ACCESS_LICENSE', 'SECRET_KEY', 'TARGET_CAMPAIGN_NAME', 'SLACK_WEBHOOK_URL']
2026-04-14 11:56:27,982 [INFO]   - Common: ['USD_TO_KRW_RATE', 'SLACK_WEBHOOK_URL_SALES', 'BOK_API_KEY']
2026-04-14 11:56:27,983 [INFO]   - GoogleKeywordAPI: ['developer_token', 'client_id', 'client_secret', 'refresh_token', 'manager_customer_id', 'default_customer_id', 'SLACK_WEBHOOK_URL']
2026-04-14 11:56:27,983 [INFO]   - NaverKeywordAPI: ['customer_id', 'access_license', 'secret_key', 'SLACK_WEBHOOK_URL']
2026-04-14 11:56:27,983 [INFO]   - API: ['YOUTUBE_API_KEY']
2026-04-14 11:56:27,983 [INFO]   - Gemini: ['GEMINI_API_KEY']
2026-04-14 11:56:27,984 [INFO]   - Notification: ['SlackWebhookURL']
2026-04-14 11:56:27,984 [INFO]   - FrogCafe24: ['MALL_ID', 'CLIENT_ID', 'CLIENT_SECRET', 'ACCESS_TOKEN', 'REFRESH_TOKEN', 'API_VERSION', 'ROLLING_DAYS', 'TOKEN_EXPIRES_AT', 'REFRESH_TOKEN_EXPIRES_AT']
2026-04-14 11:56:27,984 [INFO] [INFO] SystemConfig DB에서 Access Token 로드 완료
2026-04-14 11:56:27,984 [INFO] [INFO] Refresh Token으로 Access Token 갱신 시도
2026-04-14 11:56:28,319 [INFO] [SystemConfig] Cafe24.ACCESS_TOKEN 업데이트 완료
2026-04-14 11:56:28,364 [INFO] [SystemConfig] Cafe24.TOKEN_EXPIRES_AT 업데이트 완료
2026-04-14 11:56:28,411 [INFO] [SystemConfig] Cafe24.REFRESH_TOKEN 업데이트 완료
2026-04-14 11:56:28,457 [INFO] [SystemConfig] Cafe24.REFRESH_TOKEN_EXPIRES_AT 업데이트 완료
2026-04-14 11:56:28,469 [INFO] [INFO] 토큰 갱신 완료 (유효기간: 7200초)
2026-04-14 11:56:28,470 [INFO] [INFO] Access Token 갱신 성공
2026-04-14 11:56:29,762 [INFO]   성공: 수집 1건, Orders I/U 0/1, Details I/U 0/2
2026-04-14 11:56:30,764 [INFO] 
[3/94] 2024-07-15 ~ 2024-07-22
2026-04-14 11:56:30,765 [INFO] [SystemConfig] DB 연결 시도 (1/3)...
2026-04-14 11:56:30,793 [INFO] [SystemConfig] 로드 완료: 54건
2026-04-14 11:56:30,794 [INFO] [SystemConfig] 카테고리: ['Cafe24', 'Sabangnet', 'General', 'MetaAdAPI', 'NaverAdAPI', 'Common', 'GoogleKeywordAPI', 'NaverKeywordAPI', 'API', 'Gemini', 'Notification', 'FrogCafe24']
2026-04-14 11:56:30,794 [INFO]   - Cafe24: ['ROLLING_DAYS', 'SLACK_ENABLED', 'SLACK_WEBHOOK_URL', 'MALL_ID', 'CLIENT_ID', 'CLIENT_SECRET', 'ACCESS_TOKEN', 'REFRESH_TOKEN', 'TOKEN_EXPIRES_AT', 'REFRESH_TOKEN_EXPIRES_AT', 'API_VERSION']
2026-04-14 11:56:30,794 [INFO]   - Sabangnet: ['ROLLING_DAYS', 'SLACK_ENABLED', 'SLACK_WEBHOOK_URL', 'COMPANY_ID', 'AUTH_KEY', 'API_URL']
2026-04-14 11:56:30,794 [INFO]   - General: ['BATCH_SIZE']
2026-04-14 11:56:30,795 [INFO]   - MetaAdAPI: ['APP_ID', 'APP_SECRET', 'ACCESS_TOKEN', 'AD_ACCOUNTS', 'SLACK_WEBHOOK_URL']
2026-04-14 11:56:30,795 [INFO]   - NaverAdAPI: ['CUSTOMER_ID', 'ACCESS_LICENSE', 'SECRET_KEY', 'TARGET_CAMPAIGN_NAME', 'SLACK_WEBHOOK_URL']
2026-04-14 11:56:30,795 [INFO]   - Common: ['USD_TO_KRW_RATE', 'SLACK_WEBHOOK_URL_SALES', 'BOK_API_KEY']
2026-04-14 11:56:30,795 [INFO]   - GoogleKeywordAPI: ['developer_token', 'client_id', 'client_secret', 'refresh_token', 'manager_customer_id', 'default_customer_id', 'SLACK_WEBHOOK_URL']
2026-04-14 11:56:30,795 [INFO]   - NaverKeywordAPI: ['customer_id', 'access_license', 'secret_key', 'SLACK_WEBHOOK_URL']
2026-04-14 11:56:30,795 [INFO]   - API: ['YOUTUBE_API_KEY']
2026-04-14 11:56:30,795 [INFO]   - Gemini: ['GEMINI_API_KEY']
2026-04-14 11:56:30,795 [INFO]   - Notification: ['SlackWebhookURL']
2026-04-14 11:56:30,795 [INFO]   - FrogCafe24: ['MALL_ID', 'CLIENT_ID', 'CLIENT_SECRET', 'ACCESS_TOKEN', 'REFRESH_TOKEN', 'API_VERSION', 'ROLLING_DAYS', 'TOKEN_EXPIRES_AT', 'REFRESH_TOKEN_EXPIRES_AT']
2026-04-14 11:56:30,796 [INFO] [INFO] SystemConfig DB에서 Access Token 로드 완료
2026-04-14 11:56:30,796 [INFO] [INFO] Refresh Token으로 Access Token 갱신 시도
2026-04-14 11:56:31,130 [INFO] [SystemConfig] Cafe24.ACCESS_TOKEN 업데이트 완료
2026-04-14 11:56:31,172 [INFO] [SystemConfig] Cafe24.TOKEN_EXPIRES_AT 업데이트 완료
2026-04-14 11:56:31,214 [INFO] [SystemConfig] Cafe24.REFRESH_TOKEN 업데이트 완료
2026-04-14 11:56:31,260 [INFO] [SystemConfig] Cafe24.REFRESH_TOKEN_EXPIRES_AT 업데이트 완료
2026-04-14 11:56:31,271 [INFO] [INFO] 토큰 갱신 완료 (유효기간: 7200초)
2026-04-14 11:56:31,272 [INFO] [INFO] Access Token 갱신 성공
2026-04-14 11:56:31,606 [INFO]   주문 없음
2026-04-14 11:56:32,608 [INFO] 
[4/94] 2024-07-22 ~ 2024-07-29
2026-04-14 11:56:32,609 [INFO] [SystemConfig] DB 연결 시도 (1/3)...
2026-04-14 11:56:32,637 [INFO] [SystemConfig] 로드 완료: 54건
2026-04-14 11:56:32,637 [INFO] [SystemConfig] 카테고리: ['Cafe24', 'Sabangnet', 'General', 'MetaAdAPI', 'NaverAdAPI', 'Common', 'GoogleKeywordAPI', 'NaverKeywordAPI', 'API', 'Gemini', 'Notification', 'FrogCafe24']
2026-04-14 11:56:32,638 [INFO]   - Cafe24: ['ROLLING_DAYS', 'SLACK_ENABLED', 'SLACK_WEBHOOK_URL', 'MALL_ID', 'CLIENT_ID', 'CLIENT_SECRET', 'ACCESS_TOKEN', 'REFRESH_TOKEN', 'TOKEN_EXPIRES_AT', 'REFRESH_TOKEN_EXPIRES_AT', 'API_VERSION']
2026-04-14 11:56:32,638 [INFO]   - Sabangnet: ['ROLLING_DAYS', 'SLACK_ENABLED', 'SLACK_WEBHOOK_URL', 'COMPANY_ID', 'AUTH_KEY', 'API_URL']
2026-04-14 11:56:32,638 [INFO]   - General: ['BATCH_SIZE']
2026-04-14 11:56:32,639 [INFO]   - MetaAdAPI: ['APP_ID', 'APP_SECRET', 'ACCESS_TOKEN', 'AD_ACCOUNTS', 'SLACK_WEBHOOK_URL']
2026-04-14 11:56:32,639 [INFO]   - NaverAdAPI: ['CUSTOMER_ID', 'ACCESS_LICENSE', 'SECRET_KEY', 'TARGET_CAMPAIGN_NAME', 'SLACK_WEBHOOK_URL']
2026-04-14 11:56:32,640 [INFO]   - Common: ['USD_TO_KRW_RATE', 'SLACK_WEBHOOK_URL_SALES', 'BOK_API_KEY']
2026-04-14 11:56:32,640 [INFO]   - GoogleKeywordAPI: ['developer_token', 'client_id', 'client_secret', 'refresh_token', 'manager_customer_id', 'default_customer_id', 'SLACK_WEBHOOK_URL']
2026-04-14 11:56:32,640 [INFO]   - NaverKeywordAPI: ['customer_id', 'access_license', 'secret_key', 'SLACK_WEBHOOK_URL']
2026-04-14 11:56:32,640 [INFO]   - API: ['YOUTUBE_API_KEY']
2026-04-14 11:56:32,640 [INFO]   - Gemini: ['GEMINI_API_KEY']
2026-04-14 11:56:32,641 [INFO]   - Notification: ['SlackWebhookURL']
2026-04-14 11:56:32,641 [INFO]   - FrogCafe24: ['MALL_ID', 'CLIENT_ID', 'CLIENT_SECRET', 'ACCESS_TOKEN', 'REFRESH_TOKEN', 'API_VERSION', 'ROLLING_DAYS', 'TOKEN_EXPIRES_AT', 'REFRESH_TOKEN_EXPIRES_AT']
2026-04-14 11:56:32,641 [INFO] [INFO] SystemConfig DB에서 Access Token 로드 완료
2026-04-14 11:56:32,641 [INFO] [INFO] Refresh Token으로 Access Token 갱신 시도
2026-04-14 11:56:32,995 [INFO] [SystemConfig] Cafe24.ACCESS_TOKEN 업데이트 완료
2026-04-14 11:56:33,043 [INFO] [SystemConfig] Cafe24.TOKEN_EXPIRES_AT 업데이트 완료
2026-04-14 11:56:33,097 [INFO] [SystemConfig] Cafe24.REFRESH_TOKEN 업데이트 완료
2026-04-14 11:56:33,193 [INFO] [SystemConfig] Cafe24.REFRESH_TOKEN_EXPIRES_AT 업데이트 완료
2026-04-14 11:56:33,322 [INFO] [INFO] 토큰 갱신 완료 (유효기간: 7200초)
2026-04-14 11:56:33,323 [INFO] [INFO] Access Token 갱신 성공
2026-04-14 11:56:33,668 [INFO]   주문 없음
2026-04-14 11:56:34,670 [INFO] 
[5/94] 2024-07-29 ~ 2024-08-05
2026-04-14 11:56:34,670 [INFO] [SystemConfig] DB 연결 시도 (1/3)...
2026-04-14 11:56:34,701 [INFO] [SystemConfig] 로드 완료: 54건
2026-04-14 11:56:34,701 [INFO] [SystemConfig] 카테고리: ['Cafe24', 'Sabangnet', 'General', 'MetaAdAPI', 'NaverAdAPI', 'Common', 'GoogleKeywordAPI', 'NaverKeywordAPI', 'API', 'Gemini', 'Notification', 'FrogCafe24']
2026-04-14 11:56:34,702 [INFO]   - Cafe24: ['ROLLING_DAYS', 'SLACK_ENABLED', 'SLACK_WEBHOOK_URL', 'MALL_ID', 'CLIENT_ID', 'CLIENT_SECRET', 'ACCESS_TOKEN', 'REFRESH_TOKEN', 'TOKEN_EXPIRES_AT', 'REFRESH_TOKEN_EXPIRES_AT', 'API_VERSION']
2026-04-14 11:56:34,702 [INFO]   - Sabangnet: ['ROLLING_DAYS', 'SLACK_ENABLED', 'SLACK_WEBHOOK_URL', 'COMPANY_ID', 'AUTH_KEY', 'API_URL']
2026-04-14 11:56:34,702 [INFO]   - General: ['BATCH_SIZE']
2026-04-14 11:56:34,702 [INFO]   - MetaAdAPI: ['APP_ID', 'APP_SECRET', 'ACCESS_TOKEN', 'AD_ACCOUNTS', 'SLACK_WEBHOOK_URL']
2026-04-14 11:56:34,702 [INFO]   - NaverAdAPI: ['CUSTOMER_ID', 'ACCESS_LICENSE', 'SECRET_KEY', 'TARGET_CAMPAIGN_NAME', 'SLACK_WEBHOOK_URL']
2026-04-14 11:56:34,703 [INFO]   - Common: ['USD_TO_KRW_RATE', 'SLACK_WEBHOOK_URL_SALES', 'BOK_API_KEY']
2026-04-14 11:56:34,703 [INFO]   - GoogleKeywordAPI: ['developer_token', 'client_id', 'client_secret', 'refresh_token', 'manager_customer_id', 'default_customer_id', 'SLACK_WEBHOOK_URL']
2026-04-14 11:56:34,703 [INFO]   - NaverKeywordAPI: ['customer_id', 'access_license', 'secret_key', 'SLACK_WEBHOOK_URL']
2026-04-14 11:56:34,703 [INFO]   - API: ['YOUTUBE_API_KEY']
2026-04-14 11:56:34,704 [INFO]   - Gemini: ['GEMINI_API_KEY']
2026-04-14 11:56:34,704 [INFO]   - Notification: ['SlackWebhookURL']
2026-04-14 11:56:34,704 [INFO]   - FrogCafe24: ['MALL_ID', 'CLIENT_ID', 'CLIENT_SECRET', 'ACCESS_TOKEN', 'REFRESH_TOKEN', 'API_VERSION', 'ROLLING_DAYS', 'TOKEN_EXPIRES_AT', 'REFRESH_TOKEN_EXPIRES_AT']
2026-04-14 11:56:34,704 [INFO] [INFO] SystemConfig DB에서 Access Token 로드 완료
2026-04-14 11:56:34,704 [INFO] [INFO] Refresh Token으로 Access Token 갱신 시도
2026-04-14 11:56:35,051 [INFO] [SystemConfig] Cafe24.ACCESS_TOKEN 업데이트 완료
2026-04-14 11:56:35,099 [INFO] [SystemConfig] Cafe24.TOKEN_EXPIRES_AT 업데이트 완료
2026-04-14 11:56:35,150 [INFO] [SystemConfig] Cafe24.REFRESH_TOKEN 업데이트 완료
2026-04-14 11:56:35,208 [INFO] [SystemConfig] Cafe24.REFRESH_TOKEN_EXPIRES_AT 업데이트 완료
2026-04-14 11:56:35,221 [INFO] [INFO] 토큰 갱신 완료 (유효기간: 7200초)
2026-04-14 11:56:35,222 [INFO] [INFO] Access Token 갱신 성공
2026-04-14 11:56:35,559 [INFO]   주문 없음
2026-04-14 11:56:36,561 [INFO] 
[6/94] 2024-08-05 ~ 2024-08-12
2026-04-14 11:56:36,562 [INFO] [SystemConfig] DB 연결 시도 (1/3)...
2026-04-14 11:56:36,588 [INFO] [SystemConfig] 로드 완료: 54건
2026-04-14 11:56:36,589 [INFO] [SystemConfig] 카테고리: ['Cafe24', 'Sabangnet', 'General', 'MetaAdAPI', 'NaverAdAPI', 'Common', 'GoogleKeywordAPI', 'NaverKeywordAPI', 'API', 'Gemini', 'Notification', 'FrogCafe24']
2026-04-14 11:56:36,589 [INFO]   - Cafe24: ['ROLLING_DAYS', 'SLACK_ENABLED', 'SLACK_WEBHOOK_URL', 'MALL_ID', 'CLIENT_ID', 'CLIENT_SECRET', 'ACCESS_TOKEN', 'REFRESH_TOKEN', 'TOKEN_EXPIRES_AT', 'REFRESH_TOKEN_EXPIRES_AT', 'API_VERSION']
2026-04-14 11:56:36,589 [INFO]   - Sabangnet: ['ROLLING_DAYS', 'SLACK_ENABLED', 'SLACK_WEBHOOK_URL', 'COMPANY_ID', 'AUTH_KEY', 'API_URL']
2026-04-14 11:56:36,589 [INFO]   - General: ['BATCH_SIZE']
2026-04-14 11:56:36,590 [INFO]   - MetaAdAPI: ['APP_ID', 'APP_SECRET', 'ACCESS_TOKEN', 'AD_ACCOUNTS', 'SLACK_WEBHOOK_URL']
2026-04-14 11:56:36,590 [INFO]   - NaverAdAPI: ['CUSTOMER_ID', 'ACCESS_LICENSE', 'SECRET_KEY', 'TARGET_CAMPAIGN_NAME', 'SLACK_WEBHOOK_URL']
2026-04-14 11:56:36,590 [INFO]   - Common: ['USD_TO_KRW_RATE', 'SLACK_WEBHOOK_URL_SALES', 'BOK_API_KEY']
2026-04-14 11:56:36,591 [INFO]   - GoogleKeywordAPI: ['developer_token', 'client_id', 'client_secret', 'refresh_token', 'manager_customer_id', 'default_customer_id', 'SLACK_WEBHOOK_URL']
2026-04-14 11:56:36,591 [INFO]   - NaverKeywordAPI: ['customer_id', 'access_license', 'secret_key', 'SLACK_WEBHOOK_URL']
2026-04-14 11:56:36,591 [INFO]   - API: ['YOUTUBE_API_KEY']
2026-04-14 11:56:36,591 [INFO]   - Gemini: ['GEMINI_API_KEY']
2026-04-14 11:56:36,591 [INFO]   - Notification: ['SlackWebhookURL']
2026-04-14 11:56:36,592 [INFO]   - FrogCafe24: ['MALL_ID', 'CLIENT_ID', 'CLIENT_SECRET', 'ACCESS_TOKEN', 'REFRESH_TOKEN', 'API_VERSION', 'ROLLING_DAYS', 'TOKEN_EXPIRES_AT', 'REFRESH_TOKEN_EXPIRES_AT']
2026-04-14 11:56:36,592 [INFO] [INFO] SystemConfig DB에서 Access Token 로드 완료
2026-04-14 11:56:36,592 [INFO] [INFO] Refresh Token으로 Access Token 갱신 시도
2026-04-14 11:56:36,935 [INFO] [SystemConfig] Cafe24.ACCESS_TOKEN 업데이트 완료
2026-04-14 11:56:36,982 [INFO] [SystemConfig] Cafe24.TOKEN_EXPIRES_AT 업데이트 완료
2026-04-14 11:56:37,030 [INFO] [SystemConfig] Cafe24.REFRESH_TOKEN 업데이트 완료
2026-04-14 11:56:37,077 [INFO] [SystemConfig] Cafe24.REFRESH_TOKEN_EXPIRES_AT 업데이트 완료
2026-04-14 11:56:37,092 [INFO] [INFO] 토큰 갱신 완료 (유효기간: 7200초)
2026-04-14 11:56:37,094 [INFO] [INFO] Access Token 갱신 성공
2026-04-14 11:56:37,429 [INFO]   주문 없음
2026-04-14 11:56:38,430 [INFO] 
[7/94] 2024-08-12 ~ 2024-08-19
2026-04-14 11:56:38,431 [INFO] [SystemConfig] DB 연결 시도 (1/3)...
2026-04-14 11:56:38,458 [INFO] [SystemConfig] 로드 완료: 54건
2026-04-14 11:56:38,458 [INFO] [SystemConfig] 카테고리: ['Cafe24', 'Sabangnet', 'General', 'MetaAdAPI', 'NaverAdAPI', 'Common', 'GoogleKeywordAPI', 'NaverKeywordAPI', 'API', 'Gemini', 'Notification', 'FrogCafe24']
2026-04-14 11:56:38,458 [INFO]   - Cafe24: ['ROLLING_DAYS', 'SLACK_ENABLED', 'SLACK_WEBHOOK_URL', 'MALL_ID', 'CLIENT_ID', 'CLIENT_SECRET', 'ACCESS_TOKEN', 'REFRESH_TOKEN', 'TOKEN_EXPIRES_AT', 'REFRESH_TOKEN_EXPIRES_AT', 'API_VERSION']
2026-04-14 11:56:38,459 [INFO]   - Sabangnet: ['ROLLING_DAYS', 'SLACK_ENABLED', 'SLACK_WEBHOOK_URL', 'COMPANY_ID', 'AUTH_KEY', 'API_URL']
2026-04-14 11:56:38,459 [INFO]   - General: ['BATCH_SIZE']
2026-04-14 11:56:38,459 [INFO]   - MetaAdAPI: ['APP_ID', 'APP_SECRET', 'ACCESS_TOKEN', 'AD_ACCOUNTS', 'SLACK_WEBHOOK_URL']
2026-04-14 11:56:38,459 [INFO]   - NaverAdAPI: ['CUSTOMER_ID', 'ACCESS_LICENSE', 'SECRET_KEY', 'TARGET_CAMPAIGN_NAME', 'SLACK_WEBHOOK_URL']
2026-04-14 11:56:38,460 [INFO]   - Common: ['USD_TO_KRW_RATE', 'SLACK_WEBHOOK_URL_SALES', 'BOK_API_KEY']
2026-04-14 11:56:38,460 [INFO]   - GoogleKeywordAPI: ['developer_token', 'client_id', 'client_secret', 'refresh_token', 'manager_customer_id', 'default_customer_id', 'SLACK_WEBHOOK_URL']
2026-04-14 11:56:38,460 [INFO]   - NaverKeywordAPI: ['customer_id', 'access_license', 'secret_key', 'SLACK_WEBHOOK_URL']
2026-04-14 11:56:38,460 [INFO]   - API: ['YOUTUBE_API_KEY']
2026-04-14 11:56:38,460 [INFO]   - Gemini: ['GEMINI_API_KEY']
2026-04-14 11:56:38,460 [INFO]   - Notification: ['SlackWebhookURL']
2026-04-14 11:56:38,461 [INFO]   - FrogCafe24: ['MALL_ID', 'CLIENT_ID', 'CLIENT_SECRET', 'ACCESS_TOKEN', 'REFRESH_TOKEN', 'API_VERSION', 'ROLLING_DAYS', 'TOKEN_EXPIRES_AT', 'REFRESH_TOKEN_EXPIRES_AT']
2026-04-14 11:56:38,461 [INFO] [INFO] SystemConfig DB에서 Access Token 로드 완료
2026-04-14 11:56:38,461 [INFO] [INFO] Refresh Token으로 Access Token 갱신 시도
2026-04-14 11:56:38,790 [INFO] [SystemConfig] Cafe24.ACCESS_TOKEN 업데이트 완료
2026-04-14 11:56:38,837 [INFO] [SystemConfig] Cafe24.TOKEN_EXPIRES_AT 업데이트 완료
2026-04-14 11:56:38,883 [INFO] [SystemConfig] Cafe24.REFRESH_TOKEN 업데이트 완료
2026-04-14 11:56:38,929 [INFO] [SystemConfig] Cafe24.REFRESH_TOKEN_EXPIRES_AT 업데이트 완료
2026-04-14 11:56:38,943 [INFO] [INFO] 토큰 갱신 완료 (유효기간: 7200초)
2026-04-14 11:56:38,945 [INFO] [INFO] Access Token 갱신 성공
2026-04-14 11:56:39,269 [INFO]   주문 없음
2026-04-14 11:56:40,271 [INFO] 
[8/94] 2024-08-19 ~ 2024-08-26
2026-04-14 11:56:40,272 [INFO] [SystemConfig] DB 연결 시도 (1/3)...
2026-04-14 11:56:40,301 [INFO] [SystemConfig] 로드 완료: 54건
2026-04-14 11:56:40,302 [INFO] [SystemConfig] 카테고리: ['Cafe24', 'Sabangnet', 'General', 'MetaAdAPI', 'NaverAdAPI', 'Common', 'GoogleKeywordAPI', 'NaverKeywordAPI', 'API', 'Gemini', 'Notification', 'FrogCafe24']
2026-04-14 11:56:40,302 [INFO]   - Cafe24: ['ROLLING_DAYS', 'SLACK_ENABLED', 'SLACK_WEBHOOK_URL', 'MALL_ID', 'CLIENT_ID', 'CLIENT_SECRET', 'ACCESS_TOKEN', 'REFRESH_TOKEN', 'TOKEN_EXPIRES_AT', 'REFRESH_TOKEN_EXPIRES_AT', 'API_VERSION']
2026-04-14 11:56:40,302 [INFO]   - Sabangnet: ['ROLLING_DAYS', 'SLACK_ENABLED', 'SLACK_WEBHOOK_URL', 'COMPANY_ID', 'AUTH_KEY', 'API_URL']
2026-04-14 11:56:40,303 [INFO]   - General: ['BATCH_SIZE']
2026-04-14 11:56:40,303 [INFO]   - MetaAdAPI: ['APP_ID', 'APP_SECRET', 'ACCESS_TOKEN', 'AD_ACCOUNTS', 'SLACK_WEBHOOK_URL']
2026-04-14 11:56:40,303 [INFO]   - NaverAdAPI: ['CUSTOMER_ID', 'ACCESS_LICENSE', 'SECRET_KEY', 'TARGET_CAMPAIGN_NAME', 'SLACK_WEBHOOK_URL']
2026-04-14 11:56:40,304 [INFO]   - Common: ['USD_TO_KRW_RATE', 'SLACK_WEBHOOK_URL_SALES', 'BOK_API_KEY']
2026-04-14 11:56:40,304 [INFO]   - GoogleKeywordAPI: ['developer_token', 'client_id', 'client_secret', 'refresh_token', 'manager_customer_id', 'default_customer_id', 'SLACK_WEBHOOK_URL']
2026-04-14 11:56:40,304 [INFO]   - NaverKeywordAPI: ['customer_id', 'access_license', 'secret_key', 'SLACK_WEBHOOK_URL']
2026-04-14 11:56:40,304 [INFO]   - API: ['YOUTUBE_API_KEY']
2026-04-14 11:56:40,304 [INFO]   - Gemini: ['GEMINI_API_KEY']
2026-04-14 11:56:40,304 [INFO]   - Notification: ['SlackWebhookURL']
2026-04-14 11:56:40,305 [INFO]   - FrogCafe24: ['MALL_ID', 'CLIENT_ID', 'CLIENT_SECRET', 'ACCESS_TOKEN', 'REFRESH_TOKEN', 'API_VERSION', 'ROLLING_DAYS', 'TOKEN_EXPIRES_AT', 'REFRESH_TOKEN_EXPIRES_AT']
2026-04-14 11:56:40,305 [INFO] [INFO] SystemConfig DB에서 Access Token 로드 완료
2026-04-14 11:56:40,305 [INFO] [INFO] Refresh Token으로 Access Token 갱신 시도
2026-04-14 11:56:40,649 [INFO] [SystemConfig] Cafe24.ACCESS_TOKEN 업데이트 완료
2026-04-14 11:56:40,694 [INFO] [SystemConfig] Cafe24.TOKEN_EXPIRES_AT 업데이트 완료
2026-04-14 11:56:40,741 [INFO] [SystemConfig] Cafe24.REFRESH_TOKEN 업데이트 완료
2026-04-14 11:56:40,789 [INFO] [SystemConfig] Cafe24.REFRESH_TOKEN_EXPIRES_AT 업데이트 완료
2026-04-14 11:56:40,801 [INFO] [INFO] 토큰 갱신 완료 (유효기간: 7200초)
2026-04-14 11:56:40,802 [INFO] [INFO] Access Token 갱신 성공
2026-04-14 11:56:41,140 [INFO]   주문 없음
2026-04-14 11:56:42,142 [INFO] 
[9/94] 2024-08-26 ~ 2024-09-02
2026-04-14 11:56:42,143 [INFO] [SystemConfig] DB 연결 시도 (1/3)...
2026-04-14 11:56:42,177 [INFO] [SystemConfig] 로드 완료: 54건
2026-04-14 11:56:42,178 [INFO] [SystemConfig] 카테고리: ['Cafe24', 'Sabangnet', 'General', 'MetaAdAPI', 'NaverAdAPI', 'Common', 'GoogleKeywordAPI', 'NaverKeywordAPI', 'API', 'Gemini', 'Notification', 'FrogCafe24']
2026-04-14 11:56:42,178 [INFO]   - Cafe24: ['ROLLING_DAYS', 'SLACK_ENABLED', 'SLACK_WEBHOOK_URL', 'MALL_ID', 'CLIENT_ID', 'CLIENT_SECRET', 'ACCESS_TOKEN', 'REFRESH_TOKEN', 'TOKEN_EXPIRES_AT', 'REFRESH_TOKEN_EXPIRES_AT', 'API_VERSION']
2026-04-14 11:56:42,178 [INFO]   - Sabangnet: ['ROLLING_DAYS', 'SLACK_ENABLED', 'SLACK_WEBHOOK_URL', 'COMPANY_ID', 'AUTH_KEY', 'API_URL']
2026-04-14 11:56:42,179 [INFO]   - General: ['BATCH_SIZE']
2026-04-14 11:56:42,179 [INFO]   - MetaAdAPI: ['APP_ID', 'APP_SECRET', 'ACCESS_TOKEN', 'AD_ACCOUNTS', 'SLACK_WEBHOOK_URL']
2026-04-14 11:56:42,179 [INFO]   - NaverAdAPI: ['CUSTOMER_ID', 'ACCESS_LICENSE', 'SECRET_KEY', 'TARGET_CAMPAIGN_NAME', 'SLACK_WEBHOOK_URL']
2026-04-14 11:56:42,180 [INFO]   - Common: ['USD_TO_KRW_RATE', 'SLACK_WEBHOOK_URL_SALES', 'BOK_API_KEY']
2026-04-14 11:56:42,180 [INFO]   - GoogleKeywordAPI: ['developer_token', 'client_id', 'client_secret', 'refresh_token', 'manager_customer_id', 'default_customer_id', 'SLACK_WEBHOOK_URL']
2026-04-14 11:56:42,180 [INFO]   - NaverKeywordAPI: ['customer_id', 'access_license', 'secret_key', 'SLACK_WEBHOOK_URL']
2026-04-14 11:56:42,181 [INFO]   - API: ['YOUTUBE_API_KEY']
2026-04-14 11:56:42,181 [INFO]   - Gemini: ['GEMINI_API_KEY']
2026-04-14 11:56:42,182 [INFO]   - Notification: ['SlackWebhookURL']
2026-04-14 11:56:42,182 [INFO]   - FrogCafe24: ['MALL_ID', 'CLIENT_ID', 'CLIENT_SECRET', 'ACCESS_TOKEN', 'REFRESH_TOKEN', 'API_VERSION', 'ROLLING_DAYS', 'TOKEN_EXPIRES_AT', 'REFRESH_TOKEN_EXPIRES_AT']
2026-04-14 11:56:42,182 [INFO] [INFO] SystemConfig DB에서 Access Token 로드 완료
2026-04-14 11:56:42,183 [INFO] [INFO] Refresh Token으로 Access Token 갱신 시도
2026-04-14 11:56:42,524 [INFO] [SystemConfig] Cafe24.ACCESS_TOKEN 업데이트 완료
2026-04-14 11:56:42,582 [INFO] [SystemConfig] Cafe24.TOKEN_EXPIRES_AT 업데이트 완료
2026-04-14 11:56:42,645 [INFO] [SystemConfig] Cafe24.REFRESH_TOKEN 업데이트 완료
2026-04-14 11:56:42,701 [INFO] [SystemConfig] Cafe24.REFRESH_TOKEN_EXPIRES_AT 업데이트 완료
2026-04-14 11:56:42,717 [INFO] [INFO] 토큰 갱신 완료 (유효기간: 7200초)
2026-04-14 11:56:42,719 [INFO] [INFO] Access Token 갱신 성공
2026-04-14 11:56:43,918 [INFO]   성공: 수집 2건, Orders I/U 0/2, Details I/U 0/2
2026-04-14 11:56:44,920 [INFO] 
[10/94] 2024-09-02 ~ 2024-09-09
2026-04-14 11:56:44,920 [INFO] [SystemConfig] DB 연결 시도 (1/3)...
2026-04-14 11:56:44,949 [INFO] [SystemConfig] 로드 완료: 54건
2026-04-14 11:56:44,950 [INFO] [SystemConfig] 카테고리: ['Cafe24', 'Sabangnet', 'General', 'MetaAdAPI', 'NaverAdAPI', 'Common', 'GoogleKeywordAPI', 'NaverKeywordAPI', 'API', 'Gemini', 'Notification', 'FrogCafe24']
2026-04-14 11:56:44,950 [INFO]   - Cafe24: ['ROLLING_DAYS', 'SLACK_ENABLED', 'SLACK_WEBHOOK_URL', 'MALL_ID', 'CLIENT_ID', 'CLIENT_SECRET', 'ACCESS_TOKEN', 'REFRESH_TOKEN', 'TOKEN_EXPIRES_AT', 'REFRESH_TOKEN_EXPIRES_AT', 'API_VERSION']
2026-04-14 11:56:44,950 [INFO]   - Sabangnet: ['ROLLING_DAYS', 'SLACK_ENABLED', 'SLACK_WEBHOOK_URL', 'COMPANY_ID', 'AUTH_KEY', 'API_URL']
2026-04-14 11:56:44,951 [INFO]   - General: ['BATCH_SIZE']
2026-04-14 11:56:44,951 [INFO]   - MetaAdAPI: ['APP_ID', 'APP_SECRET', 'ACCESS_TOKEN', 'AD_ACCOUNTS', 'SLACK_WEBHOOK_URL']
2026-04-14 11:56:44,951 [INFO]   - NaverAdAPI: ['CUSTOMER_ID', 'ACCESS_LICENSE', 'SECRET_KEY', 'TARGET_CAMPAIGN_NAME', 'SLACK_WEBHOOK_URL']
2026-04-14 11:56:44,951 [INFO]   - Common: ['USD_TO_KRW_RATE', 'SLACK_WEBHOOK_URL_SALES', 'BOK_API_KEY']
2026-04-14 11:56:44,952 [INFO]   - GoogleKeywordAPI: ['developer_token', 'client_id', 'client_secret', 'refresh_token', 'manager_customer_id', 'default_customer_id', 'SLACK_WEBHOOK_URL']
2026-04-14 11:56:44,952 [INFO]   - NaverKeywordAPI: ['customer_id', 'access_license', 'secret_key', 'SLACK_WEBHOOK_URL']
2026-04-14 11:56:44,952 [INFO]   - API: ['YOUTUBE_API_KEY']
2026-04-14 11:56:44,952 [INFO]   - Gemini: ['GEMINI_API_KEY']
2026-04-14 11:56:44,952 [INFO]   - Notification: ['SlackWebhookURL']
2026-04-14 11:56:44,953 [INFO]   - FrogCafe24: ['MALL_ID', 'CLIENT_ID', 'CLIENT_SECRET', 'ACCESS_TOKEN', 'REFRESH_TOKEN', 'API_VERSION', 'ROLLING_DAYS', 'TOKEN_EXPIRES_AT', 'REFRESH_TOKEN_EXPIRES_AT']
2026-04-14 11:56:44,953 [INFO] [INFO] SystemConfig DB에서 Access Token 로드 완료
2026-04-14 11:56:44,953 [INFO] [INFO] Refresh Token으로 Access Token 갱신 시도
2026-04-14 11:56:45,288 [INFO] [SystemConfig] Cafe24.ACCESS_TOKEN 업데이트 완료
2026-04-14 11:56:45,336 [INFO] [SystemConfig] Cafe24.TOKEN_EXPIRES_AT 업데이트 완료
2026-04-14 11:56:45,385 [INFO] [SystemConfig] Cafe24.REFRESH_TOKEN 업데이트 완료
2026-04-14 11:56:45,433 [INFO] [SystemConfig] Cafe24.REFRESH_TOKEN_EXPIRES_AT 업데이트 완료
2026-04-14 11:56:45,447 [INFO] [INFO] 토큰 갱신 완료 (유효기간: 7200초)
2026-04-14 11:56:45,449 [INFO] [INFO] Access Token 갱신 성공
2026-04-14 11:56:45,787 [INFO]   주문 없음
2026-04-14 11:56:46,789 [INFO] 
[11/94] 2024-09-09 ~ 2024-09-16
2026-04-14 11:56:46,790 [INFO] [SystemConfig] DB 연결 시도 (1/3)...
2026-04-14 11:56:46,821 [INFO] [SystemConfig] 로드 완료: 54건
2026-04-14 11:56:46,822 [INFO] [SystemConfig] 카테고리: ['Cafe24', 'Sabangnet', 'General', 'MetaAdAPI', 'NaverAdAPI', 'Common', 'GoogleKeywordAPI', 'NaverKeywordAPI', 'API', 'Gemini', 'Notification', 'FrogCafe24']
2026-04-14 11:56:46,822 [INFO]   - Cafe24: ['ROLLING_DAYS', 'SLACK_ENABLED', 'SLACK_WEBHOOK_URL', 'MALL_ID', 'CLIENT_ID', 'CLIENT_SECRET', 'ACCESS_TOKEN', 'REFRESH_TOKEN', 'TOKEN_EXPIRES_AT', 'REFRESH_TOKEN_EXPIRES_AT', 'API_VERSION']
2026-04-14 11:56:46,822 [INFO]   - Sabangnet: ['ROLLING_DAYS', 'SLACK_ENABLED', 'SLACK_WEBHOOK_URL', 'COMPANY_ID', 'AUTH_KEY', 'API_URL']
2026-04-14 11:56:46,822 [INFO]   - General: ['BATCH_SIZE']
2026-04-14 11:56:46,823 [INFO]   - MetaAdAPI: ['APP_ID', 'APP_SECRET', 'ACCESS_TOKEN', 'AD_ACCOUNTS', 'SLACK_WEBHOOK_URL']
2026-04-14 11:56:46,823 [INFO]   - NaverAdAPI: ['CUSTOMER_ID', 'ACCESS_LICENSE', 'SECRET_KEY', 'TARGET_CAMPAIGN_NAME', 'SLACK_WEBHOOK_URL']
2026-04-14 11:56:46,823 [INFO]   - Common: ['USD_TO_KRW_RATE', 'SLACK_WEBHOOK_URL_SALES', 'BOK_API_KEY']
2026-04-14 11:56:46,823 [INFO]   - GoogleKeywordAPI: ['developer_token', 'client_id', 'client_secret', 'refresh_token', 'manager_customer_id', 'default_customer_id', 'SLACK_WEBHOOK_URL']
2026-04-14 11:56:46,824 [INFO]   - NaverKeywordAPI: ['customer_id', 'access_license', 'secret_key', 'SLACK_WEBHOOK_URL']
2026-04-14 11:56:46,824 [INFO]   - API: ['YOUTUBE_API_KEY']
2026-04-14 11:56:46,824 [INFO]   - Gemini: ['GEMINI_API_KEY']
2026-04-14 11:56:46,824 [INFO]   - Notification: ['SlackWebhookURL']
2026-04-14 11:56:46,825 [INFO]   - FrogCafe24: ['MALL_ID', 'CLIENT_ID', 'CLIENT_SECRET', 'ACCESS_TOKEN', 'REFRESH_TOKEN', 'API_VERSION', 'ROLLING_DAYS', 'TOKEN_EXPIRES_AT', 'REFRESH_TOKEN_EXPIRES_AT']
2026-04-14 11:56:46,825 [INFO] [INFO] SystemConfig DB에서 Access Token 로드 완료
2026-04-14 11:56:46,825 [INFO] [INFO] Refresh Token으로 Access Token 갱신 시도
2026-04-14 11:56:47,153 [INFO] [SystemConfig] Cafe24.ACCESS_TOKEN 업데이트 완료
2026-04-14 11:56:47,202 [INFO] [SystemConfig] Cafe24.TOKEN_EXPIRES_AT 업데이트 완료
2026-04-14 11:56:47,248 [INFO] [SystemConfig] Cafe24.REFRESH_TOKEN 업데이트 완료
2026-04-14 11:56:47,295 [INFO] [SystemConfig] Cafe24.REFRESH_TOKEN_EXPIRES_AT 업데이트 완료
2026-04-14 11:56:47,309 [INFO] [INFO] 토큰 갱신 완료 (유효기간: 7200초)
2026-04-14 11:56:47,311 [INFO] [INFO] Access Token 갱신 성공
2026-04-14 11:56:47,643 [INFO]   주문 없음
2026-04-14 11:56:48,645 [INFO] 
[12/94] 2024-09-16 ~ 2024-09-23
2026-04-14 11:56:48,646 [INFO] [SystemConfig] DB 연결 시도 (1/3)...
2026-04-14 11:56:48,676 [INFO] [SystemConfig] 로드 완료: 54건
2026-04-14 11:56:48,677 [INFO] [SystemConfig] 카테고리: ['Cafe24', 'Sabangnet', 'General', 'MetaAdAPI', 'NaverAdAPI', 'Common', 'GoogleKeywordAPI', 'NaverKeywordAPI', 'API', 'Gemini', 'Notification', 'FrogCafe24']
2026-04-14 11:56:48,677 [INFO]   - Cafe24: ['ROLLING_DAYS', 'SLACK_ENABLED', 'SLACK_WEBHOOK_URL', 'MALL_ID', 'CLIENT_ID', 'CLIENT_SECRET', 'ACCESS_TOKEN', 'REFRESH_TOKEN', 'TOKEN_EXPIRES_AT', 'REFRESH_TOKEN_EXPIRES_AT', 'API_VERSION']
2026-04-14 11:56:48,677 [INFO]   - Sabangnet: ['ROLLING_DAYS', 'SLACK_ENABLED', 'SLACK_WEBHOOK_URL', 'COMPANY_ID', 'AUTH_KEY', 'API_URL']
2026-04-14 11:56:48,678 [INFO]   - General: ['BATCH_SIZE']
2026-04-14 11:56:48,678 [INFO]   - MetaAdAPI: ['APP_ID', 'APP_SECRET', 'ACCESS_TOKEN', 'AD_ACCOUNTS', 'SLACK_WEBHOOK_URL']
2026-04-14 11:56:48,678 [INFO]   - NaverAdAPI: ['CUSTOMER_ID', 'ACCESS_LICENSE', 'SECRET_KEY', 'TARGET_CAMPAIGN_NAME', 'SLACK_WEBHOOK_URL']
2026-04-14 11:56:48,678 [INFO]   - Common: ['USD_TO_KRW_RATE', 'SLACK_WEBHOOK_URL_SALES', 'BOK_API_KEY']
2026-04-14 11:56:48,679 [INFO]   - GoogleKeywordAPI: ['developer_token', 'client_id', 'client_secret', 'refresh_token', 'manager_customer_id', 'default_customer_id', 'SLACK_WEBHOOK_URL']
2026-04-14 11:56:48,679 [INFO]   - NaverKeywordAPI: ['customer_id', 'access_license', 'secret_key', 'SLACK_WEBHOOK_URL']
2026-04-14 11:56:48,680 [INFO]   - API: ['YOUTUBE_API_KEY']
2026-04-14 11:56:48,680 [INFO]   - Gemini: ['GEMINI_API_KEY']
2026-04-14 11:56:48,680 [INFO]   - Notification: ['SlackWebhookURL']
2026-04-14 11:56:48,680 [INFO]   - FrogCafe24: ['MALL_ID', 'CLIENT_ID', 'CLIENT_SECRET', 'ACCESS_TOKEN', 'REFRESH_TOKEN', 'API_VERSION', 'ROLLING_DAYS', 'TOKEN_EXPIRES_AT', 'REFRESH_TOKEN_EXPIRES_AT']
2026-04-14 11:56:48,681 [INFO] [INFO] SystemConfig DB에서 Access Token 로드 완료
2026-04-14 11:56:48,681 [INFO] [INFO] Refresh Token으로 Access Token 갱신 시도
2026-04-14 11:56:49,027 [INFO] [SystemConfig] Cafe24.ACCESS_TOKEN 업데이트 완료
2026-04-14 11:56:49,074 [INFO] [SystemConfig] Cafe24.TOKEN_EXPIRES_AT 업데이트 완료
2026-04-14 11:56:49,126 [INFO] [SystemConfig] Cafe24.REFRESH_TOKEN 업데이트 완료
2026-04-14 11:56:49,169 [INFO] [SystemConfig] Cafe24.REFRESH_TOKEN_EXPIRES_AT 업데이트 완료
2026-04-14 11:56:49,185 [INFO] [INFO] 토큰 갱신 완료 (유효기간: 7200초)
2026-04-14 11:56:49,186 [INFO] [INFO] Access Token 갱신 성공
2026-04-14 11:56:49,521 [INFO]   주문 없음
2026-04-14 11:56:50,523 [INFO] 
[13/94] 2024-09-23 ~ 2024-09-30
2026-04-14 11:56:50,524 [INFO] [SystemConfig] DB 연결 시도 (1/3)...
2026-04-14 11:56:50,550 [INFO] [SystemConfig] 로드 완료: 54건
2026-04-14 11:56:50,551 [INFO] [SystemConfig] 카테고리: ['Cafe24', 'Sabangnet', 'General', 'MetaAdAPI', 'NaverAdAPI', 'Common', 'GoogleKeywordAPI', 'NaverKeywordAPI', 'API', 'Gemini', 'Notification', 'FrogCafe24']
2026-04-14 11:56:50,551 [INFO]   - Cafe24: ['ROLLING_DAYS', 'SLACK_ENABLED', 'SLACK_WEBHOOK_URL', 'MALL_ID', 'CLIENT_ID', 'CLIENT_SECRET', 'ACCESS_TOKEN', 'REFRESH_TOKEN', 'TOKEN_EXPIRES_AT', 'REFRESH_TOKEN_EXPIRES_AT', 'API_VERSION']
2026-04-14 11:56:50,551 [INFO]   - Sabangnet: ['ROLLING_DAYS', 'SLACK_ENABLED', 'SLACK_WEBHOOK_URL', 'COMPANY_ID', 'AUTH_KEY', 'API_URL']
2026-04-14 11:56:50,551 [INFO]   - General: ['BATCH_SIZE']
2026-04-14 11:56:50,551 [INFO]   - MetaAdAPI: ['APP_ID', 'APP_SECRET', 'ACCESS_TOKEN', 'AD_ACCOUNTS', 'SLACK_WEBHOOK_URL']
2026-04-14 11:56:50,552 [INFO]   - NaverAdAPI: ['CUSTOMER_ID', 'ACCESS_LICENSE', 'SECRET_KEY', 'TARGET_CAMPAIGN_NAME', 'SLACK_WEBHOOK_URL']
2026-04-14 11:56:50,552 [INFO]   - Common: ['USD_TO_KRW_RATE', 'SLACK_WEBHOOK_URL_SALES', 'BOK_API_KEY']
2026-04-14 11:56:50,552 [INFO]   - GoogleKeywordAPI: ['developer_token', 'client_id', 'client_secret', 'refresh_token', 'manager_customer_id', 'default_customer_id', 'SLACK_WEBHOOK_URL']
2026-04-14 11:56:50,552 [INFO]   - NaverKeywordAPI: ['customer_id', 'access_license', 'secret_key', 'SLACK_WEBHOOK_URL']
2026-04-14 11:56:50,553 [INFO]   - API: ['YOUTUBE_API_KEY']
2026-04-14 11:56:50,553 [INFO]   - Gemini: ['GEMINI_API_KEY']
2026-04-14 11:56:50,553 [INFO]   - Notification: ['SlackWebhookURL']
2026-04-14 11:56:50,553 [INFO]   - FrogCafe24: ['MALL_ID', 'CLIENT_ID', 'CLIENT_SECRET', 'ACCESS_TOKEN', 'REFRESH_TOKEN', 'API_VERSION', 'ROLLING_DAYS', 'TOKEN_EXPIRES_AT', 'REFRESH_TOKEN_EXPIRES_AT']
2026-04-14 11:56:50,553 [INFO] [INFO] SystemConfig DB에서 Access Token 로드 완료
2026-04-14 11:56:50,554 [INFO] [INFO] Refresh Token으로 Access Token 갱신 시도
2026-04-14 11:56:50,896 [INFO] [SystemConfig] Cafe24.ACCESS_TOKEN 업데이트 완료
2026-04-14 11:56:50,947 [INFO] [SystemConfig] Cafe24.TOKEN_EXPIRES_AT 업데이트 완료
2026-04-14 11:56:50,996 [INFO] [SystemConfig] Cafe24.REFRESH_TOKEN 업데이트 완료
2026-04-14 11:56:51,049 [INFO] [SystemConfig] Cafe24.REFRESH_TOKEN_EXPIRES_AT 업데이트 완료
2026-04-14 11:56:51,062 [INFO] [INFO] 토큰 갱신 완료 (유효기간: 7200초)
2026-04-14 11:56:51,064 [INFO] [INFO] Access Token 갱신 성공
2026-04-14 11:56:51,409 [INFO]   주문 없음
2026-04-14 11:56:52,411 [INFO] 
[14/94] 2024-09-30 ~ 2024-10-07
2026-04-14 11:56:52,412 [INFO] [SystemConfig] DB 연결 시도 (1/3)...
2026-04-14 11:56:52,442 [INFO] [SystemConfig] 로드 완료: 54건
2026-04-14 11:56:52,443 [INFO] [SystemConfig] 카테고리: ['Cafe24', 'Sabangnet', 'General', 'MetaAdAPI', 'NaverAdAPI', 'Common', 'GoogleKeywordAPI', 'NaverKeywordAPI', 'API', 'Gemini', 'Notification', 'FrogCafe24']
2026-04-14 11:56:52,443 [INFO]   - Cafe24: ['ROLLING_DAYS', 'SLACK_ENABLED', 'SLACK_WEBHOOK_URL', 'MALL_ID', 'CLIENT_ID', 'CLIENT_SECRET', 'ACCESS_TOKEN', 'REFRESH_TOKEN', 'TOKEN_EXPIRES_AT', 'REFRESH_TOKEN_EXPIRES_AT', 'API_VERSION']
2026-04-14 11:56:52,444 [INFO]   - Sabangnet: ['ROLLING_DAYS', 'SLACK_ENABLED', 'SLACK_WEBHOOK_URL', 'COMPANY_ID', 'AUTH_KEY', 'API_URL']
2026-04-14 11:56:52,444 [INFO]   - General: ['BATCH_SIZE']
2026-04-14 11:56:52,445 [INFO]   - MetaAdAPI: ['APP_ID', 'APP_SECRET', 'ACCESS_TOKEN', 'AD_ACCOUNTS', 'SLACK_WEBHOOK_URL']
2026-04-14 11:56:52,445 [INFO]   - NaverAdAPI: ['CUSTOMER_ID', 'ACCESS_LICENSE', 'SECRET_KEY', 'TARGET_CAMPAIGN_NAME', 'SLACK_WEBHOOK_URL']
2026-04-14 11:56:52,445 [INFO]   - Common: ['USD_TO_KRW_RATE', 'SLACK_WEBHOOK_URL_SALES', 'BOK_API_KEY']
2026-04-14 11:56:52,446 [INFO]   - GoogleKeywordAPI: ['developer_token', 'client_id', 'client_secret', 'refresh_token', 'manager_customer_id', 'default_customer_id', 'SLACK_WEBHOOK_URL']
2026-04-14 11:56:52,446 [INFO]   - NaverKeywordAPI: ['customer_id', 'access_license', 'secret_key', 'SLACK_WEBHOOK_URL']
2026-04-14 11:56:52,446 [INFO]   - API: ['YOUTUBE_API_KEY']
2026-04-14 11:56:52,447 [INFO]   - Gemini: ['GEMINI_API_KEY']
2026-04-14 11:56:52,447 [INFO]   - Notification: ['SlackWebhookURL']
2026-04-14 11:56:52,448 [INFO]   - FrogCafe24: ['MALL_ID', 'CLIENT_ID', 'CLIENT_SECRET', 'ACCESS_TOKEN', 'REFRESH_TOKEN', 'API_VERSION', 'ROLLING_DAYS', 'TOKEN_EXPIRES_AT', 'REFRESH_TOKEN_EXPIRES_AT']
2026-04-14 11:56:52,448 [INFO] [INFO] SystemConfig DB에서 Access Token 로드 완료
2026-04-14 11:56:52,448 [INFO] [INFO] Refresh Token으로 Access Token 갱신 시도
2026-04-14 11:56:52,793 [INFO] [SystemConfig] Cafe24.ACCESS_TOKEN 업데이트 완료
2026-04-14 11:56:52,844 [INFO] [SystemConfig] Cafe24.TOKEN_EXPIRES_AT 업데이트 완료
2026-04-14 11:56:52,891 [INFO] [SystemConfig] Cafe24.REFRESH_TOKEN 업데이트 완료
2026-04-14 11:56:52,938 [INFO] [SystemConfig] Cafe24.REFRESH_TOKEN_EXPIRES_AT 업데이트 완료
2026-04-14 11:56:52,952 [INFO] [INFO] 토큰 갱신 완료 (유효기간: 7200초)
2026-04-14 11:56:52,953 [INFO] [INFO] Access Token 갱신 성공
2026-04-14 11:56:54,055 [INFO]   성공: 수집 1건, Orders I/U 0/1, Details I/U 0/1
2026-04-14 11:56:55,057 [INFO] 
[15/94] 2024-10-07 ~ 2024-10-14
2026-04-14 11:56:55,058 [INFO] [SystemConfig] DB 연결 시도 (1/3)...
2026-04-14 11:56:55,085 [INFO] [SystemConfig] 로드 완료: 54건
2026-04-14 11:56:55,086 [INFO] [SystemConfig] 카테고리: ['Cafe24', 'Sabangnet', 'General', 'MetaAdAPI', 'NaverAdAPI', 'Common', 'GoogleKeywordAPI', 'NaverKeywordAPI', 'API', 'Gemini', 'Notification', 'FrogCafe24']
2026-04-14 11:56:55,086 [INFO]   - Cafe24: ['ROLLING_DAYS', 'SLACK_ENABLED', 'SLACK_WEBHOOK_URL', 'MALL_ID', 'CLIENT_ID', 'CLIENT_SECRET', 'ACCESS_TOKEN', 'REFRESH_TOKEN', 'TOKEN_EXPIRES_AT', 'REFRESH_TOKEN_EXPIRES_AT', 'API_VERSION']
2026-04-14 11:56:55,086 [INFO]   - Sabangnet: ['ROLLING_DAYS', 'SLACK_ENABLED', 'SLACK_WEBHOOK_URL', 'COMPANY_ID', 'AUTH_KEY', 'API_URL']
2026-04-14 11:56:55,086 [INFO]   - General: ['BATCH_SIZE']
2026-04-14 11:56:55,087 [INFO]   - MetaAdAPI: ['APP_ID', 'APP_SECRET', 'ACCESS_TOKEN', 'AD_ACCOUNTS', 'SLACK_WEBHOOK_URL']
2026-04-14 11:56:55,087 [INFO]   - NaverAdAPI: ['CUSTOMER_ID', 'ACCESS_LICENSE', 'SECRET_KEY', 'TARGET_CAMPAIGN_NAME', 'SLACK_WEBHOOK_URL']
2026-04-14 11:56:55,088 [INFO]   - Common: ['USD_TO_KRW_RATE', 'SLACK_WEBHOOK_URL_SALES', 'BOK_API_KEY']
2026-04-14 11:56:55,088 [INFO]   - GoogleKeywordAPI: ['developer_token', 'client_id', 'client_secret', 'refresh_token', 'manager_customer_id', 'default_customer_id', 'SLACK_WEBHOOK_URL']
2026-04-14 11:56:55,088 [INFO]   - NaverKeywordAPI: ['customer_id', 'access_license', 'secret_key', 'SLACK_WEBHOOK_URL']
2026-04-14 11:56:55,088 [INFO]   - API: ['YOUTUBE_API_KEY']
2026-04-14 11:56:55,089 [INFO]   - Gemini: ['GEMINI_API_KEY']
2026-04-14 11:56:55,089 [INFO]   - Notification: ['SlackWebhookURL']
2026-04-14 11:56:55,089 [INFO]   - FrogCafe24: ['MALL_ID', 'CLIENT_ID', 'CLIENT_SECRET', 'ACCESS_TOKEN', 'REFRESH_TOKEN', 'API_VERSION', 'ROLLING_DAYS', 'TOKEN_EXPIRES_AT', 'REFRESH_TOKEN_EXPIRES_AT']
2026-04-14 11:56:55,089 [INFO] [INFO] SystemConfig DB에서 Access Token 로드 완료
2026-04-14 11:56:55,089 [INFO] [INFO] Refresh Token으로 Access Token 갱신 시도
2026-04-14 11:56:55,449 [INFO] [SystemConfig] Cafe24.ACCESS_TOKEN 업데이트 완료
2026-04-14 11:56:55,495 [INFO] [SystemConfig] Cafe24.TOKEN_EXPIRES_AT 업데이트 완료
2026-04-14 11:56:55,544 [INFO] [SystemConfig] Cafe24.REFRESH_TOKEN 업데이트 완료
2026-04-14 11:56:55,587 [INFO] [SystemConfig] Cafe24.REFRESH_TOKEN_EXPIRES_AT 업데이트 완료
2026-04-14 11:56:55,600 [INFO] [INFO] 토큰 갱신 완료 (유효기간: 7200초)
2026-04-14 11:56:55,601 [INFO] [INFO] Access Token 갱신 성공
2026-04-14 11:56:56,718 [INFO]   성공: 수집 1건, Orders I/U 0/1, Details I/U 0/1
2026-04-14 11:56:57,721 [INFO] 
[16/94] 2024-10-14 ~ 2024-10-21
2026-04-14 11:56:57,722 [INFO] [SystemConfig] DB 연결 시도 (1/3)...
2026-04-14 11:56:57,753 [INFO] [SystemConfig] 로드 완료: 54건
2026-04-14 11:56:57,753 [INFO] [SystemConfig] 카테고리: ['Cafe24', 'Sabangnet', 'General', 'MetaAdAPI', 'NaverAdAPI', 'Common', 'GoogleKeywordAPI', 'NaverKeywordAPI', 'API', 'Gemini', 'Notification', 'FrogCafe24']
2026-04-14 11:56:57,754 [INFO]   - Cafe24: ['ROLLING_DAYS', 'SLACK_ENABLED', 'SLACK_WEBHOOK_URL', 'MALL_ID', 'CLIENT_ID', 'CLIENT_SECRET', 'ACCESS_TOKEN', 'REFRESH_TOKEN', 'TOKEN_EXPIRES_AT', 'REFRESH_TOKEN_EXPIRES_AT', 'API_VERSION']
2026-04-14 11:56:57,754 [INFO]   - Sabangnet: ['ROLLING_DAYS', 'SLACK_ENABLED', 'SLACK_WEBHOOK_URL', 'COMPANY_ID', 'AUTH_KEY', 'API_URL']
2026-04-14 11:56:57,754 [INFO]   - General: ['BATCH_SIZE']
2026-04-14 11:56:57,754 [INFO]   - MetaAdAPI: ['APP_ID', 'APP_SECRET', 'ACCESS_TOKEN', 'AD_ACCOUNTS', 'SLACK_WEBHOOK_URL']
2026-04-14 11:56:57,755 [INFO]   - NaverAdAPI: ['CUSTOMER_ID', 'ACCESS_LICENSE', 'SECRET_KEY', 'TARGET_CAMPAIGN_NAME', 'SLACK_WEBHOOK_URL']
2026-04-14 11:56:57,755 [INFO]   - Common: ['USD_TO_KRW_RATE', 'SLACK_WEBHOOK_URL_SALES', 'BOK_API_KEY']
2026-04-14 11:56:57,755 [INFO]   - GoogleKeywordAPI: ['developer_token', 'client_id', 'client_secret', 'refresh_token', 'manager_customer_id', 'default_customer_id', 'SLACK_WEBHOOK_URL']
2026-04-14 11:56:57,755 [INFO]   - NaverKeywordAPI: ['customer_id', 'access_license', 'secret_key', 'SLACK_WEBHOOK_URL']
2026-04-14 11:56:57,756 [INFO]   - API: ['YOUTUBE_API_KEY']
2026-04-14 11:56:57,756 [INFO]   - Gemini: ['GEMINI_API_KEY']
2026-04-14 11:56:57,756 [INFO]   - Notification: ['SlackWebhookURL']
2026-04-14 11:56:57,756 [INFO]   - FrogCafe24: ['MALL_ID', 'CLIENT_ID', 'CLIENT_SECRET', 'ACCESS_TOKEN', 'REFRESH_TOKEN', 'API_VERSION', 'ROLLING_DAYS', 'TOKEN_EXPIRES_AT', 'REFRESH_TOKEN_EXPIRES_AT']
2026-04-14 11:56:57,757 [INFO] [INFO] SystemConfig DB에서 Access Token 로드 완료
2026-04-14 11:56:57,757 [INFO] [INFO] Refresh Token으로 Access Token 갱신 시도
2026-04-14 11:56:58,095 [INFO] [SystemConfig] Cafe24.ACCESS_TOKEN 업데이트 완료
2026-04-14 11:56:58,161 [INFO] [SystemConfig] Cafe24.TOKEN_EXPIRES_AT 업데이트 완료
2026-04-14 11:56:58,217 [INFO] [SystemConfig] Cafe24.REFRESH_TOKEN 업데이트 완료
2026-04-14 11:56:58,277 [INFO] [SystemConfig] Cafe24.REFRESH_TOKEN_EXPIRES_AT 업데이트 완료
2026-04-14 11:56:58,295 [INFO] [INFO] 토큰 갱신 완료 (유효기간: 7200초)
2026-04-14 11:56:58,297 [INFO] [INFO] Access Token 갱신 성공
2026-04-14 11:56:59,408 [INFO]   성공: 수집 1건, Orders I/U 0/1, Details I/U 0/1
2026-04-14 11:57:00,410 [INFO] 
[17/94] 2024-10-21 ~ 2024-10-28
2026-04-14 11:57:00,411 [INFO] [SystemConfig] DB 연결 시도 (1/3)...
2026-04-14 11:57:00,438 [INFO] [SystemConfig] 로드 완료: 54건
2026-04-14 11:57:00,438 [INFO] [SystemConfig] 카테고리: ['Cafe24', 'Sabangnet', 'General', 'MetaAdAPI', 'NaverAdAPI', 'Common', 'GoogleKeywordAPI', 'NaverKeywordAPI', 'API', 'Gemini', 'Notification', 'FrogCafe24']
2026-04-14 11:57:00,439 [INFO]   - Cafe24: ['ROLLING_DAYS', 'SLACK_ENABLED', 'SLACK_WEBHOOK_URL', 'MALL_ID', 'CLIENT_ID', 'CLIENT_SECRET', 'ACCESS_TOKEN', 'REFRESH_TOKEN', 'TOKEN_EXPIRES_AT', 'REFRESH_TOKEN_EXPIRES_AT', 'API_VERSION']
2026-04-14 11:57:00,439 [INFO]   - Sabangnet: ['ROLLING_DAYS', 'SLACK_ENABLED', 'SLACK_WEBHOOK_URL', 'COMPANY_ID', 'AUTH_KEY', 'API_URL']
2026-04-14 11:57:00,439 [INFO]   - General: ['BATCH_SIZE']
2026-04-14 11:57:00,439 [INFO]   - MetaAdAPI: ['APP_ID', 'APP_SECRET', 'ACCESS_TOKEN', 'AD_ACCOUNTS', 'SLACK_WEBHOOK_URL']
2026-04-14 11:57:00,439 [INFO]   - NaverAdAPI: ['CUSTOMER_ID', 'ACCESS_LICENSE', 'SECRET_KEY', 'TARGET_CAMPAIGN_NAME', 'SLACK_WEBHOOK_URL']
2026-04-14 11:57:00,440 [INFO]   - Common: ['USD_TO_KRW_RATE', 'SLACK_WEBHOOK_URL_SALES', 'BOK_API_KEY']
2026-04-14 11:57:00,440 [INFO]   - GoogleKeywordAPI: ['developer_token', 'client_id', 'client_secret', 'refresh_token', 'manager_customer_id', 'default_customer_id', 'SLACK_WEBHOOK_URL']
2026-04-14 11:57:00,440 [INFO]   - NaverKeywordAPI: ['customer_id', 'access_license', 'secret_key', 'SLACK_WEBHOOK_URL']
2026-04-14 11:57:00,440 [INFO]   - API: ['YOUTUBE_API_KEY']
2026-04-14 11:57:00,441 [INFO]   - Gemini: ['GEMINI_API_KEY']
2026-04-14 11:57:00,441 [INFO]   - Notification: ['SlackWebhookURL']
2026-04-14 11:57:00,441 [INFO]   - FrogCafe24: ['MALL_ID', 'CLIENT_ID', 'CLIENT_SECRET', 'ACCESS_TOKEN', 'REFRESH_TOKEN', 'API_VERSION', 'ROLLING_DAYS', 'TOKEN_EXPIRES_AT', 'REFRESH_TOKEN_EXPIRES_AT']
2026-04-14 11:57:00,441 [INFO] [INFO] SystemConfig DB에서 Access Token 로드 완료
2026-04-14 11:57:00,442 [INFO] [INFO] Refresh Token으로 Access Token 갱신 시도
2026-04-14 11:57:00,764 [INFO] [SystemConfig] Cafe24.ACCESS_TOKEN 업데이트 완료
2026-04-14 11:57:00,810 [INFO] [SystemConfig] Cafe24.TOKEN_EXPIRES_AT 업데이트 완료
2026-04-14 11:57:00,852 [INFO] [SystemConfig] Cafe24.REFRESH_TOKEN 업데이트 완료
2026-04-14 11:57:00,900 [INFO] [SystemConfig] Cafe24.REFRESH_TOKEN_EXPIRES_AT 업데이트 완료
2026-04-14 11:57:00,911 [INFO] [INFO] 토큰 갱신 완료 (유효기간: 7200초)
2026-04-14 11:57:00,913 [INFO] [INFO] Access Token 갱신 성공
2026-04-14 11:57:01,251 [INFO]   주문 없음
2026-04-14 11:57:02,252 [INFO] 
[18/94] 2024-10-28 ~ 2024-11-04
2026-04-14 11:57:02,254 [INFO] [SystemConfig] DB 연결 시도 (1/3)...
2026-04-14 11:57:02,283 [INFO] [SystemConfig] 로드 완료: 54건
2026-04-14 11:57:02,283 [INFO] [SystemConfig] 카테고리: ['Cafe24', 'Sabangnet', 'General', 'MetaAdAPI', 'NaverAdAPI', 'Common', 'GoogleKeywordAPI', 'NaverKeywordAPI', 'API', 'Gemini', 'Notification', 'FrogCafe24']
2026-04-14 11:57:02,284 [INFO]   - Cafe24: ['ROLLING_DAYS', 'SLACK_ENABLED', 'SLACK_WEBHOOK_URL', 'MALL_ID', 'CLIENT_ID', 'CLIENT_SECRET', 'ACCESS_TOKEN', 'REFRESH_TOKEN', 'TOKEN_EXPIRES_AT', 'REFRESH_TOKEN_EXPIRES_AT', 'API_VERSION']
2026-04-14 11:57:02,284 [INFO]   - Sabangnet: ['ROLLING_DAYS', 'SLACK_ENABLED', 'SLACK_WEBHOOK_URL', 'COMPANY_ID', 'AUTH_KEY', 'API_URL']
2026-04-14 11:57:02,285 [INFO]   - General: ['BATCH_SIZE']
2026-04-14 11:57:02,285 [INFO]   - MetaAdAPI: ['APP_ID', 'APP_SECRET', 'ACCESS_TOKEN', 'AD_ACCOUNTS', 'SLACK_WEBHOOK_URL']
2026-04-14 11:57:02,285 [INFO]   - NaverAdAPI: ['CUSTOMER_ID', 'ACCESS_LICENSE', 'SECRET_KEY', 'TARGET_CAMPAIGN_NAME', 'SLACK_WEBHOOK_URL']
2026-04-14 11:57:02,286 [INFO]   - Common: ['USD_TO_KRW_RATE', 'SLACK_WEBHOOK_URL_SALES', 'BOK_API_KEY']
2026-04-14 11:57:02,286 [INFO]   - GoogleKeywordAPI: ['developer_token', 'client_id', 'client_secret', 'refresh_token', 'manager_customer_id', 'default_customer_id', 'SLACK_WEBHOOK_URL']
2026-04-14 11:57:02,286 [INFO]   - NaverKeywordAPI: ['customer_id', 'access_license', 'secret_key', 'SLACK_WEBHOOK_URL']
2026-04-14 11:57:02,286 [INFO]   - API: ['YOUTUBE_API_KEY']
2026-04-14 11:57:02,287 [INFO]   - Gemini: ['GEMINI_API_KEY']
2026-04-14 11:57:02,287 [INFO]   - Notification: ['SlackWebhookURL']
2026-04-14 11:57:02,287 [INFO]   - FrogCafe24: ['MALL_ID', 'CLIENT_ID', 'CLIENT_SECRET', 'ACCESS_TOKEN', 'REFRESH_TOKEN', 'API_VERSION', 'ROLLING_DAYS', 'TOKEN_EXPIRES_AT', 'REFRESH_TOKEN_EXPIRES_AT']
2026-04-14 11:57:02,287 [INFO] [INFO] SystemConfig DB에서 Access Token 로드 완료
2026-04-14 11:57:02,288 [INFO] [INFO] Refresh Token으로 Access Token 갱신 시도
2026-04-14 11:57:02,626 [INFO] [SystemConfig] Cafe24.ACCESS_TOKEN 업데이트 완료
2026-04-14 11:57:02,671 [INFO] [SystemConfig] Cafe24.TOKEN_EXPIRES_AT 업데이트 완료
2026-04-14 11:57:02,716 [INFO] [SystemConfig] Cafe24.REFRESH_TOKEN 업데이트 완료
2026-04-14 11:57:02,760 [INFO] [SystemConfig] Cafe24.REFRESH_TOKEN_EXPIRES_AT 업데이트 완료
2026-04-14 11:57:02,772 [INFO] [INFO] 토큰 갱신 완료 (유효기간: 7200초)
2026-04-14 11:57:02,773 [INFO] [INFO] Access Token 갱신 성공
2026-04-14 11:57:03,883 [INFO]   성공: 수집 1건, Orders I/U 0/1, Details I/U 0/1
2026-04-14 11:57:04,885 [INFO] 
[19/94] 2024-11-04 ~ 2024-11-11
2026-04-14 11:57:04,886 [INFO] [SystemConfig] DB 연결 시도 (1/3)...
2026-04-14 11:57:04,917 [INFO] [SystemConfig] 로드 완료: 54건
2026-04-14 11:57:04,917 [INFO] [SystemConfig] 카테고리: ['Cafe24', 'Sabangnet', 'General', 'MetaAdAPI', 'NaverAdAPI', 'Common', 'GoogleKeywordAPI', 'NaverKeywordAPI', 'API', 'Gemini', 'Notification', 'FrogCafe24']
2026-04-14 11:57:04,918 [INFO]   - Cafe24: ['ROLLING_DAYS', 'SLACK_ENABLED', 'SLACK_WEBHOOK_URL', 'MALL_ID', 'CLIENT_ID', 'CLIENT_SECRET', 'ACCESS_TOKEN', 'REFRESH_TOKEN', 'TOKEN_EXPIRES_AT', 'REFRESH_TOKEN_EXPIRES_AT', 'API_VERSION']
2026-04-14 11:57:04,918 [INFO]   - Sabangnet: ['ROLLING_DAYS', 'SLACK_ENABLED', 'SLACK_WEBHOOK_URL', 'COMPANY_ID', 'AUTH_KEY', 'API_URL']
2026-04-14 11:57:04,919 [INFO]   - General: ['BATCH_SIZE']
2026-04-14 11:57:04,919 [INFO]   - MetaAdAPI: ['APP_ID', 'APP_SECRET', 'ACCESS_TOKEN', 'AD_ACCOUNTS', 'SLACK_WEBHOOK_URL']
2026-04-14 11:57:04,919 [INFO]   - NaverAdAPI: ['CUSTOMER_ID', 'ACCESS_LICENSE', 'SECRET_KEY', 'TARGET_CAMPAIGN_NAME', 'SLACK_WEBHOOK_URL']
2026-04-14 11:57:04,919 [INFO]   - Common: ['USD_TO_KRW_RATE', 'SLACK_WEBHOOK_URL_SALES', 'BOK_API_KEY']
2026-04-14 11:57:04,920 [INFO]   - GoogleKeywordAPI: ['developer_token', 'client_id', 'client_secret', 'refresh_token', 'manager_customer_id', 'default_customer_id', 'SLACK_WEBHOOK_URL']
2026-04-14 11:57:04,920 [INFO]   - NaverKeywordAPI: ['customer_id', 'access_license', 'secret_key', 'SLACK_WEBHOOK_URL']
2026-04-14 11:57:04,920 [INFO]   - API: ['YOUTUBE_API_KEY']
2026-04-14 11:57:04,921 [INFO]   - Gemini: ['GEMINI_API_KEY']
2026-04-14 11:57:04,921 [INFO]   - Notification: ['SlackWebhookURL']
2026-04-14 11:57:04,921 [INFO]   - FrogCafe24: ['MALL_ID', 'CLIENT_ID', 'CLIENT_SECRET', 'ACCESS_TOKEN', 'REFRESH_TOKEN', 'API_VERSION', 'ROLLING_DAYS', 'TOKEN_EXPIRES_AT', 'REFRESH_TOKEN_EXPIRES_AT']
2026-04-14 11:57:04,921 [INFO] [INFO] SystemConfig DB에서 Access Token 로드 완료
2026-04-14 11:57:04,922 [INFO] [INFO] Refresh Token으로 Access Token 갱신 시도
2026-04-14 11:57:05,261 [INFO] [SystemConfig] Cafe24.ACCESS_TOKEN 업데이트 완료
2026-04-14 11:57:05,307 [INFO] [SystemConfig] Cafe24.TOKEN_EXPIRES_AT 업데이트 완료
2026-04-14 11:57:05,354 [INFO] [SystemConfig] Cafe24.REFRESH_TOKEN 업데이트 완료
2026-04-14 11:57:05,403 [INFO] [SystemConfig] Cafe24.REFRESH_TOKEN_EXPIRES_AT 업데이트 완료
2026-04-14 11:57:05,416 [INFO] [INFO] 토큰 갱신 완료 (유효기간: 7200초)
2026-04-14 11:57:05,418 [INFO] [INFO] Access Token 갱신 성공
2026-04-14 11:57:05,753 [INFO]   주문 없음
2026-04-14 11:57:06,755 [INFO] 
[20/94] 2024-11-11 ~ 2024-11-18
2026-04-14 11:57:06,756 [INFO] [SystemConfig] DB 연결 시도 (1/3)...
2026-04-14 11:57:06,781 [INFO] [SystemConfig] 로드 완료: 54건
2026-04-14 11:57:06,781 [INFO] [SystemConfig] 카테고리: ['Cafe24', 'Sabangnet', 'General', 'MetaAdAPI', 'NaverAdAPI', 'Common', 'GoogleKeywordAPI', 'NaverKeywordAPI', 'API', 'Gemini', 'Notification', 'FrogCafe24']
2026-04-14 11:57:06,782 [INFO]   - Cafe24: ['ROLLING_DAYS', 'SLACK_ENABLED', 'SLACK_WEBHOOK_URL', 'MALL_ID', 'CLIENT_ID', 'CLIENT_SECRET', 'ACCESS_TOKEN', 'REFRESH_TOKEN', 'TOKEN_EXPIRES_AT', 'REFRESH_TOKEN_EXPIRES_AT', 'API_VERSION']
2026-04-14 11:57:06,782 [INFO]   - Sabangnet: ['ROLLING_DAYS', 'SLACK_ENABLED', 'SLACK_WEBHOOK_URL', 'COMPANY_ID', 'AUTH_KEY', 'API_URL']
2026-04-14 11:57:06,782 [INFO]   - General: ['BATCH_SIZE']
2026-04-14 11:57:06,782 [INFO]   - MetaAdAPI: ['APP_ID', 'APP_SECRET', 'ACCESS_TOKEN', 'AD_ACCOUNTS', 'SLACK_WEBHOOK_URL']
2026-04-14 11:57:06,783 [INFO]   - NaverAdAPI: ['CUSTOMER_ID', 'ACCESS_LICENSE', 'SECRET_KEY', 'TARGET_CAMPAIGN_NAME', 'SLACK_WEBHOOK_URL']
2026-04-14 11:57:06,783 [INFO]   - Common: ['USD_TO_KRW_RATE', 'SLACK_WEBHOOK_URL_SALES', 'BOK_API_KEY']
2026-04-14 11:57:06,783 [INFO]   - GoogleKeywordAPI: ['developer_token', 'client_id', 'client_secret', 'refresh_token', 'manager_customer_id', 'default_customer_id', 'SLACK_WEBHOOK_URL']
2026-04-14 11:57:06,783 [INFO]   - NaverKeywordAPI: ['customer_id', 'access_license', 'secret_key', 'SLACK_WEBHOOK_URL']
2026-04-14 11:57:06,783 [INFO]   - API: ['YOUTUBE_API_KEY']
2026-04-14 11:57:06,784 [INFO]   - Gemini: ['GEMINI_API_KEY']
2026-04-14 11:57:06,784 [INFO]   - Notification: ['SlackWebhookURL']
2026-04-14 11:57:06,784 [INFO]   - FrogCafe24: ['MALL_ID', 'CLIENT_ID', 'CLIENT_SECRET', 'ACCESS_TOKEN', 'REFRESH_TOKEN', 'API_VERSION', 'ROLLING_DAYS', 'TOKEN_EXPIRES_AT', 'REFRESH_TOKEN_EXPIRES_AT']
2026-04-14 11:57:06,784 [INFO] [INFO] SystemConfig DB에서 Access Token 로드 완료
2026-04-14 11:57:06,785 [INFO] [INFO] Refresh Token으로 Access Token 갱신 시도
2026-04-14 11:57:07,122 [INFO] [SystemConfig] Cafe24.ACCESS_TOKEN 업데이트 완료
2026-04-14 11:57:07,168 [INFO] [SystemConfig] Cafe24.TOKEN_EXPIRES_AT 업데이트 완료
2026-04-14 11:57:07,228 [INFO] [SystemConfig] Cafe24.REFRESH_TOKEN 업데이트 완료
2026-04-14 11:57:07,278 [INFO] [SystemConfig] Cafe24.REFRESH_TOKEN_EXPIRES_AT 업데이트 완료
2026-04-14 11:57:07,293 [INFO] [INFO] 토큰 갱신 완료 (유효기간: 7200초)
2026-04-14 11:57:07,294 [INFO] [INFO] Access Token 갱신 성공
2026-04-14 11:57:07,632 [INFO]   주문 없음
2026-04-14 11:57:08,634 [INFO] 
[21/94] 2024-11-18 ~ 2024-11-25
2026-04-14 11:57:08,635 [INFO] [SystemConfig] DB 연결 시도 (1/3)...
2026-04-14 11:57:08,659 [INFO] [SystemConfig] 로드 완료: 54건
2026-04-14 11:57:08,660 [INFO] [SystemConfig] 카테고리: ['Cafe24', 'Sabangnet', 'General', 'MetaAdAPI', 'NaverAdAPI', 'Common', 'GoogleKeywordAPI', 'NaverKeywordAPI', 'API', 'Gemini', 'Notification', 'FrogCafe24']
2026-04-14 11:57:08,660 [INFO]   - Cafe24: ['ROLLING_DAYS', 'SLACK_ENABLED', 'SLACK_WEBHOOK_URL', 'MALL_ID', 'CLIENT_ID', 'CLIENT_SECRET', 'ACCESS_TOKEN', 'REFRESH_TOKEN', 'TOKEN_EXPIRES_AT', 'REFRESH_TOKEN_EXPIRES_AT', 'API_VERSION']
2026-04-14 11:57:08,660 [INFO]   - Sabangnet: ['ROLLING_DAYS', 'SLACK_ENABLED', 'SLACK_WEBHOOK_URL', 'COMPANY_ID', 'AUTH_KEY', 'API_URL']
2026-04-14 11:57:08,661 [INFO]   - General: ['BATCH_SIZE']
2026-04-14 11:57:08,661 [INFO]   - MetaAdAPI: ['APP_ID', 'APP_SECRET', 'ACCESS_TOKEN', 'AD_ACCOUNTS', 'SLACK_WEBHOOK_URL']
2026-04-14 11:57:08,661 [INFO]   - NaverAdAPI: ['CUSTOMER_ID', 'ACCESS_LICENSE', 'SECRET_KEY', 'TARGET_CAMPAIGN_NAME', 'SLACK_WEBHOOK_URL']
2026-04-14 11:57:08,661 [INFO]   - Common: ['USD_TO_KRW_RATE', 'SLACK_WEBHOOK_URL_SALES', 'BOK_API_KEY']
2026-04-14 11:57:08,662 [INFO]   - GoogleKeywordAPI: ['developer_token', 'client_id', 'client_secret', 'refresh_token', 'manager_customer_id', 'default_customer_id', 'SLACK_WEBHOOK_URL']
2026-04-14 11:57:08,662 [INFO]   - NaverKeywordAPI: ['customer_id', 'access_license', 'secret_key', 'SLACK_WEBHOOK_URL']
2026-04-14 11:57:08,662 [INFO]   - API: ['YOUTUBE_API_KEY']
2026-04-14 11:57:08,662 [INFO]   - Gemini: ['GEMINI_API_KEY']
2026-04-14 11:57:08,663 [INFO]   - Notification: ['SlackWebhookURL']
2026-04-14 11:57:08,663 [INFO]   - FrogCafe24: ['MALL_ID', 'CLIENT_ID', 'CLIENT_SECRET', 'ACCESS_TOKEN', 'REFRESH_TOKEN', 'API_VERSION', 'ROLLING_DAYS', 'TOKEN_EXPIRES_AT', 'REFRESH_TOKEN_EXPIRES_AT']
2026-04-14 11:57:08,663 [INFO] [INFO] SystemConfig DB에서 Access Token 로드 완료
2026-04-14 11:57:08,663 [INFO] [INFO] Refresh Token으로 Access Token 갱신 시도
2026-04-14 11:57:09,002 [INFO] [SystemConfig] Cafe24.ACCESS_TOKEN 업데이트 완료
2026-04-14 11:57:09,046 [INFO] [SystemConfig] Cafe24.TOKEN_EXPIRES_AT 업데이트 완료
2026-04-14 11:57:09,090 [INFO] [SystemConfig] Cafe24.REFRESH_TOKEN 업데이트 완료
2026-04-14 11:57:09,138 [INFO] [SystemConfig] Cafe24.REFRESH_TOKEN_EXPIRES_AT 업데이트 완료
2026-04-14 11:57:09,149 [INFO] [INFO] 토큰 갱신 완료 (유효기간: 7200초)
2026-04-14 11:57:09,150 [INFO] [INFO] Access Token 갱신 성공
2026-04-14 11:57:09,473 [INFO]   주문 없음
2026-04-14 11:57:10,475 [INFO] 
[22/94] 2024-11-25 ~ 2024-12-02
2026-04-14 11:57:10,476 [INFO] [SystemConfig] DB 연결 시도 (1/3)...
2026-04-14 11:57:10,508 [INFO] [SystemConfig] 로드 완료: 54건
2026-04-14 11:57:10,508 [INFO] [SystemConfig] 카테고리: ['Cafe24', 'Sabangnet', 'General', 'MetaAdAPI', 'NaverAdAPI', 'Common', 'GoogleKeywordAPI', 'NaverKeywordAPI', 'API', 'Gemini', 'Notification', 'FrogCafe24']
2026-04-14 11:57:10,509 [INFO]   - Cafe24: ['ROLLING_DAYS', 'SLACK_ENABLED', 'SLACK_WEBHOOK_URL', 'MALL_ID', 'CLIENT_ID', 'CLIENT_SECRET', 'ACCESS_TOKEN', 'REFRESH_TOKEN', 'TOKEN_EXPIRES_AT', 'REFRESH_TOKEN_EXPIRES_AT', 'API_VERSION']
2026-04-14 11:57:10,509 [INFO]   - Sabangnet: ['ROLLING_DAYS', 'SLACK_ENABLED', 'SLACK_WEBHOOK_URL', 'COMPANY_ID', 'AUTH_KEY', 'API_URL']
2026-04-14 11:57:10,509 [INFO]   - General: ['BATCH_SIZE']
2026-04-14 11:57:10,510 [INFO]   - MetaAdAPI: ['APP_ID', 'APP_SECRET', 'ACCESS_TOKEN', 'AD_ACCOUNTS', 'SLACK_WEBHOOK_URL']
2026-04-14 11:57:10,510 [INFO]   - NaverAdAPI: ['CUSTOMER_ID', 'ACCESS_LICENSE', 'SECRET_KEY', 'TARGET_CAMPAIGN_NAME', 'SLACK_WEBHOOK_URL']
2026-04-14 11:57:10,510 [INFO]   - Common: ['USD_TO_KRW_RATE', 'SLACK_WEBHOOK_URL_SALES', 'BOK_API_KEY']
2026-04-14 11:57:10,511 [INFO]   - GoogleKeywordAPI: ['developer_token', 'client_id', 'client_secret', 'refresh_token', 'manager_customer_id', 'default_customer_id', 'SLACK_WEBHOOK_URL']
2026-04-14 11:57:10,511 [INFO]   - NaverKeywordAPI: ['customer_id', 'access_license', 'secret_key', 'SLACK_WEBHOOK_URL']
2026-04-14 11:57:10,511 [INFO]   - API: ['YOUTUBE_API_KEY']
2026-04-14 11:57:10,511 [INFO]   - Gemini: ['GEMINI_API_KEY']
2026-04-14 11:57:10,512 [INFO]   - Notification: ['SlackWebhookURL']
2026-04-14 11:57:10,512 [INFO]   - FrogCafe24: ['MALL_ID', 'CLIENT_ID', 'CLIENT_SECRET', 'ACCESS_TOKEN', 'REFRESH_TOKEN', 'API_VERSION', 'ROLLING_DAYS', 'TOKEN_EXPIRES_AT', 'REFRESH_TOKEN_EXPIRES_AT']
2026-04-14 11:57:10,512 [INFO] [INFO] SystemConfig DB에서 Access Token 로드 완료
2026-04-14 11:57:10,513 [INFO] [INFO] Refresh Token으로 Access Token 갱신 시도
2026-04-14 11:57:10,847 [INFO] [SystemConfig] Cafe24.ACCESS_TOKEN 업데이트 완료
2026-04-14 11:57:10,892 [INFO] [SystemConfig] Cafe24.TOKEN_EXPIRES_AT 업데이트 완료
2026-04-14 11:57:10,937 [INFO] [SystemConfig] Cafe24.REFRESH_TOKEN 업데이트 완료
2026-04-14 11:57:10,983 [INFO] [SystemConfig] Cafe24.REFRESH_TOKEN_EXPIRES_AT 업데이트 완료
2026-04-14 11:57:10,999 [INFO] [INFO] 토큰 갱신 완료 (유효기간: 7200초)
2026-04-14 11:57:11,000 [INFO] [INFO] Access Token 갱신 성공
2026-04-14 11:57:12,100 [INFO]   성공: 수집 1건, Orders I/U 0/1, Details I/U 0/1
2026-04-14 11:57:13,102 [INFO] 
[23/94] 2024-12-02 ~ 2024-12-09
2026-04-14 11:57:13,103 [INFO] [SystemConfig] DB 연결 시도 (1/3)...
2026-04-14 11:57:13,132 [INFO] [SystemConfig] 로드 완료: 54건
2026-04-14 11:57:13,133 [INFO] [SystemConfig] 카테고리: ['Cafe24', 'Sabangnet', 'General', 'MetaAdAPI', 'NaverAdAPI', 'Common', 'GoogleKeywordAPI', 'NaverKeywordAPI', 'API', 'Gemini', 'Notification', 'FrogCafe24']
2026-04-14 11:57:13,134 [INFO]   - Cafe24: ['ROLLING_DAYS', 'SLACK_ENABLED', 'SLACK_WEBHOOK_URL', 'MALL_ID', 'CLIENT_ID', 'CLIENT_SECRET', 'ACCESS_TOKEN', 'REFRESH_TOKEN', 'TOKEN_EXPIRES_AT', 'REFRESH_TOKEN_EXPIRES_AT', 'API_VERSION']
2026-04-14 11:57:13,135 [INFO]   - Sabangnet: ['ROLLING_DAYS', 'SLACK_ENABLED', 'SLACK_WEBHOOK_URL', 'COMPANY_ID', 'AUTH_KEY', 'API_URL']
2026-04-14 11:57:13,135 [INFO]   - General: ['BATCH_SIZE']
2026-04-14 11:57:13,136 [INFO]   - MetaAdAPI: ['APP_ID', 'APP_SECRET', 'ACCESS_TOKEN', 'AD_ACCOUNTS', 'SLACK_WEBHOOK_URL']
2026-04-14 11:57:13,137 [INFO]   - NaverAdAPI: ['CUSTOMER_ID', 'ACCESS_LICENSE', 'SECRET_KEY', 'TARGET_CAMPAIGN_NAME', 'SLACK_WEBHOOK_URL']
2026-04-14 11:57:13,137 [INFO]   - Common: ['USD_TO_KRW_RATE', 'SLACK_WEBHOOK_URL_SALES', 'BOK_API_KEY']
2026-04-14 11:57:13,138 [INFO]   - GoogleKeywordAPI: ['developer_token', 'client_id', 'client_secret', 'refresh_token', 'manager_customer_id', 'default_customer_id', 'SLACK_WEBHOOK_URL']
2026-04-14 11:57:13,138 [INFO]   - NaverKeywordAPI: ['customer_id', 'access_license', 'secret_key', 'SLACK_WEBHOOK_URL']
2026-04-14 11:57:13,138 [INFO]   - API: ['YOUTUBE_API_KEY']
2026-04-14 11:57:13,138 [INFO]   - Gemini: ['GEMINI_API_KEY']
2026-04-14 11:57:13,139 [INFO]   - Notification: ['SlackWebhookURL']
2026-04-14 11:57:13,139 [INFO]   - FrogCafe24: ['MALL_ID', 'CLIENT_ID', 'CLIENT_SECRET', 'ACCESS_TOKEN', 'REFRESH_TOKEN', 'API_VERSION', 'ROLLING_DAYS', 'TOKEN_EXPIRES_AT', 'REFRESH_TOKEN_EXPIRES_AT']
2026-04-14 11:57:13,139 [INFO] [INFO] SystemConfig DB에서 Access Token 로드 완료
2026-04-14 11:57:13,139 [INFO] [INFO] Refresh Token으로 Access Token 갱신 시도
2026-04-14 11:57:13,483 [INFO] [SystemConfig] Cafe24.ACCESS_TOKEN 업데이트 완료
2026-04-14 11:57:13,527 [INFO] [SystemConfig] Cafe24.TOKEN_EXPIRES_AT 업데이트 완료
2026-04-14 11:57:13,571 [INFO] [SystemConfig] Cafe24.REFRESH_TOKEN 업데이트 완료
2026-04-14 11:57:13,616 [INFO] [SystemConfig] Cafe24.REFRESH_TOKEN_EXPIRES_AT 업데이트 완료
2026-04-14 11:57:13,628 [INFO] [INFO] 토큰 갱신 완료 (유효기간: 7200초)
2026-04-14 11:57:13,630 [INFO] [INFO] Access Token 갱신 성공
2026-04-14 11:57:13,954 [INFO]   주문 없음
2026-04-14 11:57:14,956 [INFO] 
[24/94] 2024-12-09 ~ 2024-12-16
2026-04-14 11:57:14,957 [INFO] [SystemConfig] DB 연결 시도 (1/3)...
2026-04-14 11:57:14,984 [INFO] [SystemConfig] 로드 완료: 54건
2026-04-14 11:57:14,985 [INFO] [SystemConfig] 카테고리: ['Cafe24', 'Sabangnet', 'General', 'MetaAdAPI', 'NaverAdAPI', 'Common', 'GoogleKeywordAPI', 'NaverKeywordAPI', 'API', 'Gemini', 'Notification', 'FrogCafe24']
2026-04-14 11:57:14,985 [INFO]   - Cafe24: ['ROLLING_DAYS', 'SLACK_ENABLED', 'SLACK_WEBHOOK_URL', 'MALL_ID', 'CLIENT_ID', 'CLIENT_SECRET', 'ACCESS_TOKEN', 'REFRESH_TOKEN', 'TOKEN_EXPIRES_AT', 'REFRESH_TOKEN_EXPIRES_AT', 'API_VERSION']
2026-04-14 11:57:14,985 [INFO]   - Sabangnet: ['ROLLING_DAYS', 'SLACK_ENABLED', 'SLACK_WEBHOOK_URL', 'COMPANY_ID', 'AUTH_KEY', 'API_URL']
2026-04-14 11:57:14,985 [INFO]   - General: ['BATCH_SIZE']
2026-04-14 11:57:14,986 [INFO]   - MetaAdAPI: ['APP_ID', 'APP_SECRET', 'ACCESS_TOKEN', 'AD_ACCOUNTS', 'SLACK_WEBHOOK_URL']
2026-04-14 11:57:14,986 [INFO]   - NaverAdAPI: ['CUSTOMER_ID', 'ACCESS_LICENSE', 'SECRET_KEY', 'TARGET_CAMPAIGN_NAME', 'SLACK_WEBHOOK_URL']
2026-04-14 11:57:14,986 [INFO]   - Common: ['USD_TO_KRW_RATE', 'SLACK_WEBHOOK_URL_SALES', 'BOK_API_KEY']
2026-04-14 11:57:14,987 [INFO]   - GoogleKeywordAPI: ['developer_token', 'client_id', 'client_secret', 'refresh_token', 'manager_customer_id', 'default_customer_id', 'SLACK_WEBHOOK_URL']
2026-04-14 11:57:14,987 [INFO]   - NaverKeywordAPI: ['customer_id', 'access_license', 'secret_key', 'SLACK_WEBHOOK_URL']
2026-04-14 11:57:14,987 [INFO]   - API: ['YOUTUBE_API_KEY']
2026-04-14 11:57:14,987 [INFO]   - Gemini: ['GEMINI_API_KEY']
2026-04-14 11:57:14,987 [INFO]   - Notification: ['SlackWebhookURL']
2026-04-14 11:57:14,987 [INFO]   - FrogCafe24: ['MALL_ID', 'CLIENT_ID', 'CLIENT_SECRET', 'ACCESS_TOKEN', 'REFRESH_TOKEN', 'API_VERSION', 'ROLLING_DAYS', 'TOKEN_EXPIRES_AT', 'REFRESH_TOKEN_EXPIRES_AT']
2026-04-14 11:57:14,987 [INFO] [INFO] SystemConfig DB에서 Access Token 로드 완료
2026-04-14 11:57:14,988 [INFO] [INFO] Refresh Token으로 Access Token 갱신 시도
2026-04-14 11:57:15,332 [INFO] [SystemConfig] Cafe24.ACCESS_TOKEN 업데이트 완료
2026-04-14 11:57:15,382 [INFO] [SystemConfig] Cafe24.TOKEN_EXPIRES_AT 업데이트 완료
2026-04-14 11:57:15,432 [INFO] [SystemConfig] Cafe24.REFRESH_TOKEN 업데이트 완료
2026-04-14 11:57:15,483 [INFO] [SystemConfig] Cafe24.REFRESH_TOKEN_EXPIRES_AT 업데이트 완료
2026-04-14 11:57:15,495 [INFO] [INFO] 토큰 갱신 완료 (유효기간: 7200초)
2026-04-14 11:57:15,497 [INFO] [INFO] Access Token 갱신 성공
2026-04-14 11:57:16,640 [INFO]   성공: 수집 2건, Orders I/U 0/2, Details I/U 0/2
2026-04-14 11:57:17,642 [INFO] 
[25/94] 2024-12-16 ~ 2024-12-23
2026-04-14 11:57:17,643 [INFO] [SystemConfig] DB 연결 시도 (1/3)...
2026-04-14 11:57:17,672 [INFO] [SystemConfig] 로드 완료: 54건
2026-04-14 11:57:17,672 [INFO] [SystemConfig] 카테고리: ['Cafe24', 'Sabangnet', 'General', 'MetaAdAPI', 'NaverAdAPI', 'Common', 'GoogleKeywordAPI', 'NaverKeywordAPI', 'API', 'Gemini', 'Notification', 'FrogCafe24']
2026-04-14 11:57:17,672 [INFO]   - Cafe24: ['ROLLING_DAYS', 'SLACK_ENABLED', 'SLACK_WEBHOOK_URL', 'MALL_ID', 'CLIENT_ID', 'CLIENT_SECRET', 'ACCESS_TOKEN', 'REFRESH_TOKEN', 'TOKEN_EXPIRES_AT', 'REFRESH_TOKEN_EXPIRES_AT', 'API_VERSION']
2026-04-14 11:57:17,673 [INFO]   - Sabangnet: ['ROLLING_DAYS', 'SLACK_ENABLED', 'SLACK_WEBHOOK_URL', 'COMPANY_ID', 'AUTH_KEY', 'API_URL']
2026-04-14 11:57:17,673 [INFO]   - General: ['BATCH_SIZE']
2026-04-14 11:57:17,673 [INFO]   - MetaAdAPI: ['APP_ID', 'APP_SECRET', 'ACCESS_TOKEN', 'AD_ACCOUNTS', 'SLACK_WEBHOOK_URL']
2026-04-14 11:57:17,674 [INFO]   - NaverAdAPI: ['CUSTOMER_ID', 'ACCESS_LICENSE', 'SECRET_KEY', 'TARGET_CAMPAIGN_NAME', 'SLACK_WEBHOOK_URL']
2026-04-14 11:57:17,674 [INFO]   - Common: ['USD_TO_KRW_RATE', 'SLACK_WEBHOOK_URL_SALES', 'BOK_API_KEY']
2026-04-14 11:57:17,674 [INFO]   - GoogleKeywordAPI: ['developer_token', 'client_id', 'client_secret', 'refresh_token', 'manager_customer_id', 'default_customer_id', 'SLACK_WEBHOOK_URL']
2026-04-14 11:57:17,674 [INFO]   - NaverKeywordAPI: ['customer_id', 'access_license', 'secret_key', 'SLACK_WEBHOOK_URL']
2026-04-14 11:57:17,675 [INFO]   - API: ['YOUTUBE_API_KEY']
2026-04-14 11:57:17,675 [INFO]   - Gemini: ['GEMINI_API_KEY']
2026-04-14 11:57:17,675 [INFO]   - Notification: ['SlackWebhookURL']
2026-04-14 11:57:17,675 [INFO]   - FrogCafe24: ['MALL_ID', 'CLIENT_ID', 'CLIENT_SECRET', 'ACCESS_TOKEN', 'REFRESH_TOKEN', 'API_VERSION', 'ROLLING_DAYS', 'TOKEN_EXPIRES_AT', 'REFRESH_TOKEN_EXPIRES_AT']
2026-04-14 11:57:17,675 [INFO] [INFO] SystemConfig DB에서 Access Token 로드 완료
2026-04-14 11:57:17,676 [INFO] [INFO] Refresh Token으로 Access Token 갱신 시도
2026-04-14 11:57:18,003 [INFO] [SystemConfig] Cafe24.ACCESS_TOKEN 업데이트 완료
2026-04-14 11:57:18,056 [INFO] [SystemConfig] Cafe24.TOKEN_EXPIRES_AT 업데이트 완료
2026-04-14 11:57:18,110 [INFO] [SystemConfig] Cafe24.REFRESH_TOKEN 업데이트 완료
2026-04-14 11:57:18,164 [INFO] [SystemConfig] Cafe24.REFRESH_TOKEN_EXPIRES_AT 업데이트 완료
2026-04-14 11:57:18,185 [INFO] [INFO] 토큰 갱신 완료 (유효기간: 7200초)
2026-04-14 11:57:18,186 [INFO] [INFO] Access Token 갱신 성공
2026-04-14 11:57:18,531 [INFO]   주문 없음
2026-04-14 11:57:19,533 [INFO] 
[26/94] 2024-12-23 ~ 2024-12-30
2026-04-14 11:57:19,534 [INFO] [SystemConfig] DB 연결 시도 (1/3)...
2026-04-14 11:57:19,561 [INFO] [SystemConfig] 로드 완료: 54건
2026-04-14 11:57:19,561 [INFO] [SystemConfig] 카테고리: ['Cafe24', 'Sabangnet', 'General', 'MetaAdAPI', 'NaverAdAPI', 'Common', 'GoogleKeywordAPI', 'NaverKeywordAPI', 'API', 'Gemini', 'Notification', 'FrogCafe24']
2026-04-14 11:57:19,562 [INFO]   - Cafe24: ['ROLLING_DAYS', 'SLACK_ENABLED', 'SLACK_WEBHOOK_URL', 'MALL_ID', 'CLIENT_ID', 'CLIENT_SECRET', 'ACCESS_TOKEN', 'REFRESH_TOKEN', 'TOKEN_EXPIRES_AT', 'REFRESH_TOKEN_EXPIRES_AT', 'API_VERSION']
2026-04-14 11:57:19,562 [INFO]   - Sabangnet: ['ROLLING_DAYS', 'SLACK_ENABLED', 'SLACK_WEBHOOK_URL', 'COMPANY_ID', 'AUTH_KEY', 'API_URL']
2026-04-14 11:57:19,562 [INFO]   - General: ['BATCH_SIZE']
2026-04-14 11:57:19,562 [INFO]   - MetaAdAPI: ['APP_ID', 'APP_SECRET', 'ACCESS_TOKEN', 'AD_ACCOUNTS', 'SLACK_WEBHOOK_URL']
2026-04-14 11:57:19,563 [INFO]   - NaverAdAPI: ['CUSTOMER_ID', 'ACCESS_LICENSE', 'SECRET_KEY', 'TARGET_CAMPAIGN_NAME', 'SLACK_WEBHOOK_URL']
2026-04-14 11:57:19,563 [INFO]   - Common: ['USD_TO_KRW_RATE', 'SLACK_WEBHOOK_URL_SALES', 'BOK_API_KEY']
2026-04-14 11:57:19,563 [INFO]   - GoogleKeywordAPI: ['developer_token', 'client_id', 'client_secret', 'refresh_token', 'manager_customer_id', 'default_customer_id', 'SLACK_WEBHOOK_URL']
2026-04-14 11:57:19,563 [INFO]   - NaverKeywordAPI: ['customer_id', 'access_license', 'secret_key', 'SLACK_WEBHOOK_URL']
2026-04-14 11:57:19,564 [INFO]   - API: ['YOUTUBE_API_KEY']
2026-04-14 11:57:19,564 [INFO]   - Gemini: ['GEMINI_API_KEY']
2026-04-14 11:57:19,564 [INFO]   - Notification: ['SlackWebhookURL']
2026-04-14 11:57:19,564 [INFO]   - FrogCafe24: ['MALL_ID', 'CLIENT_ID', 'CLIENT_SECRET', 'ACCESS_TOKEN', 'REFRESH_TOKEN', 'API_VERSION', 'ROLLING_DAYS', 'TOKEN_EXPIRES_AT', 'REFRESH_TOKEN_EXPIRES_AT']
2026-04-14 11:57:19,565 [INFO] [INFO] SystemConfig DB에서 Access Token 로드 완료
2026-04-14 11:57:19,565 [INFO] [INFO] Refresh Token으로 Access Token 갱신 시도
2026-04-14 11:57:19,894 [INFO] [SystemConfig] Cafe24.ACCESS_TOKEN 업데이트 완료
2026-04-14 11:57:19,948 [INFO] [SystemConfig] Cafe24.TOKEN_EXPIRES_AT 업데이트 완료
2026-04-14 11:57:20,008 [INFO] [SystemConfig] Cafe24.REFRESH_TOKEN 업데이트 완료
2026-04-14 11:57:20,060 [INFO] [SystemConfig] Cafe24.REFRESH_TOKEN_EXPIRES_AT 업데이트 완료
2026-04-14 11:57:20,074 [INFO] [INFO] 토큰 갱신 완료 (유효기간: 7200초)
2026-04-14 11:57:20,075 [INFO] [INFO] Access Token 갱신 성공
2026-04-14 11:57:20,393 [INFO]   주문 없음
2026-04-14 11:57:21,395 [INFO] 
[27/94] 2024-12-30 ~ 2025-01-06
2026-04-14 11:57:21,396 [INFO] [SystemConfig] DB 연결 시도 (1/3)...
2026-04-14 11:57:21,424 [INFO] [SystemConfig] 로드 완료: 54건
2026-04-14 11:57:21,425 [INFO] [SystemConfig] 카테고리: ['Cafe24', 'Sabangnet', 'General', 'MetaAdAPI', 'NaverAdAPI', 'Common', 'GoogleKeywordAPI', 'NaverKeywordAPI', 'API', 'Gemini', 'Notification', 'FrogCafe24']
2026-04-14 11:57:21,425 [INFO]   - Cafe24: ['ROLLING_DAYS', 'SLACK_ENABLED', 'SLACK_WEBHOOK_URL', 'MALL_ID', 'CLIENT_ID', 'CLIENT_SECRET', 'ACCESS_TOKEN', 'REFRESH_TOKEN', 'TOKEN_EXPIRES_AT', 'REFRESH_TOKEN_EXPIRES_AT', 'API_VERSION']
2026-04-14 11:57:21,425 [INFO]   - Sabangnet: ['ROLLING_DAYS', 'SLACK_ENABLED', 'SLACK_WEBHOOK_URL', 'COMPANY_ID', 'AUTH_KEY', 'API_URL']
2026-04-14 11:57:21,426 [INFO]   - General: ['BATCH_SIZE']
2026-04-14 11:57:21,426 [INFO]   - MetaAdAPI: ['APP_ID', 'APP_SECRET', 'ACCESS_TOKEN', 'AD_ACCOUNTS', 'SLACK_WEBHOOK_URL']
2026-04-14 11:57:21,426 [INFO]   - NaverAdAPI: ['CUSTOMER_ID', 'ACCESS_LICENSE', 'SECRET_KEY', 'TARGET_CAMPAIGN_NAME', 'SLACK_WEBHOOK_URL']
2026-04-14 11:57:21,427 [INFO]   - Common: ['USD_TO_KRW_RATE', 'SLACK_WEBHOOK_URL_SALES', 'BOK_API_KEY']
2026-04-14 11:57:21,427 [INFO]   - GoogleKeywordAPI: ['developer_token', 'client_id', 'client_secret', 'refresh_token', 'manager_customer_id', 'default_customer_id', 'SLACK_WEBHOOK_URL']
2026-04-14 11:57:21,427 [INFO]   - NaverKeywordAPI: ['customer_id', 'access_license', 'secret_key', 'SLACK_WEBHOOK_URL']
2026-04-14 11:57:21,427 [INFO]   - API: ['YOUTUBE_API_KEY']
2026-04-14 11:57:21,428 [INFO]   - Gemini: ['GEMINI_API_KEY']
2026-04-14 11:57:21,428 [INFO]   - Notification: ['SlackWebhookURL']
2026-04-14 11:57:21,428 [INFO]   - FrogCafe24: ['MALL_ID', 'CLIENT_ID', 'CLIENT_SECRET', 'ACCESS_TOKEN', 'REFRESH_TOKEN', 'API_VERSION', 'ROLLING_DAYS', 'TOKEN_EXPIRES_AT', 'REFRESH_TOKEN_EXPIRES_AT']
2026-04-14 11:57:21,429 [INFO] [INFO] SystemConfig DB에서 Access Token 로드 완료
2026-04-14 11:57:21,429 [INFO] [INFO] Refresh Token으로 Access Token 갱신 시도
2026-04-14 11:57:21,763 [INFO] [SystemConfig] Cafe24.ACCESS_TOKEN 업데이트 완료
2026-04-14 11:57:21,809 [INFO] [SystemConfig] Cafe24.TOKEN_EXPIRES_AT 업데이트 완료
2026-04-14 11:57:21,852 [INFO] [SystemConfig] Cafe24.REFRESH_TOKEN 업데이트 완료
2026-04-14 11:57:21,906 [INFO] [SystemConfig] Cafe24.REFRESH_TOKEN_EXPIRES_AT 업데이트 완료
2026-04-14 11:57:21,919 [INFO] [INFO] 토큰 갱신 완료 (유효기간: 7200초)
2026-04-14 11:57:21,921 [INFO] [INFO] Access Token 갱신 성공
2026-04-14 11:57:22,255 [INFO]   주문 없음
2026-04-14 11:57:23,257 [INFO] 
[28/94] 2025-01-06 ~ 2025-01-13
2026-04-14 11:57:23,257 [INFO] [SystemConfig] DB 연결 시도 (1/3)...
2026-04-14 11:57:23,281 [INFO] [SystemConfig] 로드 완료: 54건
2026-04-14 11:57:23,281 [INFO] [SystemConfig] 카테고리: ['Cafe24', 'Sabangnet', 'General', 'MetaAdAPI', 'NaverAdAPI', 'Common', 'GoogleKeywordAPI', 'NaverKeywordAPI', 'API', 'Gemini', 'Notification', 'FrogCafe24']
2026-04-14 11:57:23,282 [INFO]   - Cafe24: ['ROLLING_DAYS', 'SLACK_ENABLED', 'SLACK_WEBHOOK_URL', 'MALL_ID', 'CLIENT_ID', 'CLIENT_SECRET', 'ACCESS_TOKEN', 'REFRESH_TOKEN', 'TOKEN_EXPIRES_AT', 'REFRESH_TOKEN_EXPIRES_AT', 'API_VERSION']
2026-04-14 11:57:23,282 [INFO]   - Sabangnet: ['ROLLING_DAYS', 'SLACK_ENABLED', 'SLACK_WEBHOOK_URL', 'COMPANY_ID', 'AUTH_KEY', 'API_URL']
2026-04-14 11:57:23,282 [INFO]   - General: ['BATCH_SIZE']
2026-04-14 11:57:23,283 [INFO]   - MetaAdAPI: ['APP_ID', 'APP_SECRET', 'ACCESS_TOKEN', 'AD_ACCOUNTS', 'SLACK_WEBHOOK_URL']
2026-04-14 11:57:23,283 [INFO]   - NaverAdAPI: ['CUSTOMER_ID', 'ACCESS_LICENSE', 'SECRET_KEY', 'TARGET_CAMPAIGN_NAME', 'SLACK_WEBHOOK_URL']
2026-04-14 11:57:23,283 [INFO]   - Common: ['USD_TO_KRW_RATE', 'SLACK_WEBHOOK_URL_SALES', 'BOK_API_KEY']
2026-04-14 11:57:23,283 [INFO]   - GoogleKeywordAPI: ['developer_token', 'client_id', 'client_secret', 'refresh_token', 'manager_customer_id', 'default_customer_id', 'SLACK_WEBHOOK_URL']
2026-04-14 11:57:23,283 [INFO]   - NaverKeywordAPI: ['customer_id', 'access_license', 'secret_key', 'SLACK_WEBHOOK_URL']
2026-04-14 11:57:23,283 [INFO]   - API: ['YOUTUBE_API_KEY']
2026-04-14 11:57:23,283 [INFO]   - Gemini: ['GEMINI_API_KEY']
2026-04-14 11:57:23,284 [INFO]   - Notification: ['SlackWebhookURL']
2026-04-14 11:57:23,284 [INFO]   - FrogCafe24: ['MALL_ID', 'CLIENT_ID', 'CLIENT_SECRET', 'ACCESS_TOKEN', 'REFRESH_TOKEN', 'API_VERSION', 'ROLLING_DAYS', 'TOKEN_EXPIRES_AT', 'REFRESH_TOKEN_EXPIRES_AT']
2026-04-14 11:57:23,284 [INFO] [INFO] SystemConfig DB에서 Access Token 로드 완료
2026-04-14 11:57:23,284 [INFO] [INFO] Refresh Token으로 Access Token 갱신 시도
2026-04-14 11:57:23,641 [INFO] [SystemConfig] Cafe24.ACCESS_TOKEN 업데이트 완료
2026-04-14 11:57:23,686 [INFO] [SystemConfig] Cafe24.TOKEN_EXPIRES_AT 업데이트 완료
2026-04-14 11:57:23,733 [INFO] [SystemConfig] Cafe24.REFRESH_TOKEN 업데이트 완료
2026-04-14 11:57:23,782 [INFO] [SystemConfig] Cafe24.REFRESH_TOKEN_EXPIRES_AT 업데이트 완료
2026-04-14 11:57:23,797 [INFO] [INFO] 토큰 갱신 완료 (유효기간: 7200초)
2026-04-14 11:57:23,799 [INFO] [INFO] Access Token 갱신 성공
2026-04-14 11:57:24,979 [INFO]   성공: 수집 1건, Orders I/U 0/1, Details I/U 0/2
2026-04-14 11:57:25,981 [INFO] 
[29/94] 2025-01-13 ~ 2025-01-20
2026-04-14 11:57:25,982 [INFO] [SystemConfig] DB 연결 시도 (1/3)...
2026-04-14 11:57:26,014 [INFO] [SystemConfig] 로드 완료: 54건
2026-04-14 11:57:26,015 [INFO] [SystemConfig] 카테고리: ['Cafe24', 'Sabangnet', 'General', 'MetaAdAPI', 'NaverAdAPI', 'Common', 'GoogleKeywordAPI', 'NaverKeywordAPI', 'API', 'Gemini', 'Notification', 'FrogCafe24']
2026-04-14 11:57:26,015 [INFO]   - Cafe24: ['ROLLING_DAYS', 'SLACK_ENABLED', 'SLACK_WEBHOOK_URL', 'MALL_ID', 'CLIENT_ID', 'CLIENT_SECRET', 'ACCESS_TOKEN', 'REFRESH_TOKEN', 'TOKEN_EXPIRES_AT', 'REFRESH_TOKEN_EXPIRES_AT', 'API_VERSION']
2026-04-14 11:57:26,015 [INFO]   - Sabangnet: ['ROLLING_DAYS', 'SLACK_ENABLED', 'SLACK_WEBHOOK_URL', 'COMPANY_ID', 'AUTH_KEY', 'API_URL']
2026-04-14 11:57:26,015 [INFO]   - General: ['BATCH_SIZE']
2026-04-14 11:57:26,016 [INFO]   - MetaAdAPI: ['APP_ID', 'APP_SECRET', 'ACCESS_TOKEN', 'AD_ACCOUNTS', 'SLACK_WEBHOOK_URL']
2026-04-14 11:57:26,016 [INFO]   - NaverAdAPI: ['CUSTOMER_ID', 'ACCESS_LICENSE', 'SECRET_KEY', 'TARGET_CAMPAIGN_NAME', 'SLACK_WEBHOOK_URL']
2026-04-14 11:57:26,016 [INFO]   - Common: ['USD_TO_KRW_RATE', 'SLACK_WEBHOOK_URL_SALES', 'BOK_API_KEY']
2026-04-14 11:57:26,016 [INFO]   - GoogleKeywordAPI: ['developer_token', 'client_id', 'client_secret', 'refresh_token', 'manager_customer_id', 'default_customer_id', 'SLACK_WEBHOOK_URL']
2026-04-14 11:57:26,016 [INFO]   - NaverKeywordAPI: ['customer_id', 'access_license', 'secret_key', 'SLACK_WEBHOOK_URL']
2026-04-14 11:57:26,016 [INFO]   - API: ['YOUTUBE_API_KEY']
2026-04-14 11:57:26,017 [INFO]   - Gemini: ['GEMINI_API_KEY']
2026-04-14 11:57:26,017 [INFO]   - Notification: ['SlackWebhookURL']
2026-04-14 11:57:26,017 [INFO]   - FrogCafe24: ['MALL_ID', 'CLIENT_ID', 'CLIENT_SECRET', 'ACCESS_TOKEN', 'REFRESH_TOKEN', 'API_VERSION', 'ROLLING_DAYS', 'TOKEN_EXPIRES_AT', 'REFRESH_TOKEN_EXPIRES_AT']
2026-04-14 11:57:26,017 [INFO] [INFO] SystemConfig DB에서 Access Token 로드 완료
2026-04-14 11:57:26,017 [INFO] [INFO] Refresh Token으로 Access Token 갱신 시도
2026-04-14 11:57:26,454 [INFO] [SystemConfig] Cafe24.ACCESS_TOKEN 업데이트 완료
2026-04-14 11:57:26,511 [INFO] [SystemConfig] Cafe24.TOKEN_EXPIRES_AT 업데이트 완료
2026-04-14 11:57:26,567 [INFO] [SystemConfig] Cafe24.REFRESH_TOKEN 업데이트 완료
2026-04-14 11:57:26,630 [INFO] [SystemConfig] Cafe24.REFRESH_TOKEN_EXPIRES_AT 업데이트 완료
2026-04-14 11:57:26,644 [INFO] [INFO] 토큰 갱신 완료 (유효기간: 7200초)
2026-04-14 11:57:26,646 [INFO] [INFO] Access Token 갱신 성공
2026-04-14 11:57:27,187 [INFO]   주문 없음
2026-04-14 11:57:28,188 [INFO] 
[30/94] 2025-01-20 ~ 2025-01-27
2026-04-14 11:57:28,189 [INFO] [SystemConfig] DB 연결 시도 (1/3)...
2026-04-14 11:57:28,215 [INFO] [SystemConfig] 로드 완료: 54건
2026-04-14 11:57:28,216 [INFO] [SystemConfig] 카테고리: ['Cafe24', 'Sabangnet', 'General', 'MetaAdAPI', 'NaverAdAPI', 'Common', 'GoogleKeywordAPI', 'NaverKeywordAPI', 'API', 'Gemini', 'Notification', 'FrogCafe24']
2026-04-14 11:57:28,216 [INFO]   - Cafe24: ['ROLLING_DAYS', 'SLACK_ENABLED', 'SLACK_WEBHOOK_URL', 'MALL_ID', 'CLIENT_ID', 'CLIENT_SECRET', 'ACCESS_TOKEN', 'REFRESH_TOKEN', 'TOKEN_EXPIRES_AT', 'REFRESH_TOKEN_EXPIRES_AT', 'API_VERSION']
2026-04-14 11:57:28,217 [INFO]   - Sabangnet: ['ROLLING_DAYS', 'SLACK_ENABLED', 'SLACK_WEBHOOK_URL', 'COMPANY_ID', 'AUTH_KEY', 'API_URL']
2026-04-14 11:57:28,217 [INFO]   - General: ['BATCH_SIZE']
2026-04-14 11:57:28,217 [INFO]   - MetaAdAPI: ['APP_ID', 'APP_SECRET', 'ACCESS_TOKEN', 'AD_ACCOUNTS', 'SLACK_WEBHOOK_URL']
2026-04-14 11:57:28,217 [INFO]   - NaverAdAPI: ['CUSTOMER_ID', 'ACCESS_LICENSE', 'SECRET_KEY', 'TARGET_CAMPAIGN_NAME', 'SLACK_WEBHOOK_URL']
2026-04-14 11:57:28,217 [INFO]   - Common: ['USD_TO_KRW_RATE', 'SLACK_WEBHOOK_URL_SALES', 'BOK_API_KEY']
2026-04-14 11:57:28,217 [INFO]   - GoogleKeywordAPI: ['developer_token', 'client_id', 'client_secret', 'refresh_token', 'manager_customer_id', 'default_customer_id', 'SLACK_WEBHOOK_URL']
2026-04-14 11:57:28,217 [INFO]   - NaverKeywordAPI: ['customer_id', 'access_license', 'secret_key', 'SLACK_WEBHOOK_URL']
2026-04-14 11:57:28,217 [INFO]   - API: ['YOUTUBE_API_KEY']
2026-04-14 11:57:28,218 [INFO]   - Gemini: ['GEMINI_API_KEY']
2026-04-14 11:57:28,218 [INFO]   - Notification: ['SlackWebhookURL']
2026-04-14 11:57:28,218 [INFO]   - FrogCafe24: ['MALL_ID', 'CLIENT_ID', 'CLIENT_SECRET', 'ACCESS_TOKEN', 'REFRESH_TOKEN', 'API_VERSION', 'ROLLING_DAYS', 'TOKEN_EXPIRES_AT', 'REFRESH_TOKEN_EXPIRES_AT']
2026-04-14 11:57:28,218 [INFO] [INFO] SystemConfig DB에서 Access Token 로드 완료
2026-04-14 11:57:28,218 [INFO] [INFO] Refresh Token으로 Access Token 갱신 시도
2026-04-14 11:57:28,580 [INFO] [SystemConfig] Cafe24.ACCESS_TOKEN 업데이트 완료
2026-04-14 11:57:28,627 [INFO] [SystemConfig] Cafe24.TOKEN_EXPIRES_AT 업데이트 완료
2026-04-14 11:57:28,669 [INFO] [SystemConfig] Cafe24.REFRESH_TOKEN 업데이트 완료
2026-04-14 11:57:28,724 [INFO] [SystemConfig] Cafe24.REFRESH_TOKEN_EXPIRES_AT 업데이트 완료
2026-04-14 11:57:28,735 [INFO] [INFO] 토큰 갱신 완료 (유효기간: 7200초)
2026-04-14 11:57:28,736 [INFO] [INFO] Access Token 갱신 성공
2026-04-14 11:57:30,017 [INFO]   성공: 수집 3건, Orders I/U 0/3, Details I/U 0/4
2026-04-14 11:57:31,018 [INFO] 
[31/94] 2025-01-27 ~ 2025-02-03
2026-04-14 11:57:31,018 [INFO] [SystemConfig] DB 연결 시도 (1/3)...
2026-04-14 11:57:31,041 [INFO] [SystemConfig] 로드 완료: 54건
2026-04-14 11:57:31,042 [INFO] [SystemConfig] 카테고리: ['Cafe24', 'Sabangnet', 'General', 'MetaAdAPI', 'NaverAdAPI', 'Common', 'GoogleKeywordAPI', 'NaverKeywordAPI', 'API', 'Gemini', 'Notification', 'FrogCafe24']
2026-04-14 11:57:31,042 [INFO]   - Cafe24: ['ROLLING_DAYS', 'SLACK_ENABLED', 'SLACK_WEBHOOK_URL', 'MALL_ID', 'CLIENT_ID', 'CLIENT_SECRET', 'ACCESS_TOKEN', 'REFRESH_TOKEN', 'TOKEN_EXPIRES_AT', 'REFRESH_TOKEN_EXPIRES_AT', 'API_VERSION']
2026-04-14 11:57:31,042 [INFO]   - Sabangnet: ['ROLLING_DAYS', 'SLACK_ENABLED', 'SLACK_WEBHOOK_URL', 'COMPANY_ID', 'AUTH_KEY', 'API_URL']
2026-04-14 11:57:31,042 [INFO]   - General: ['BATCH_SIZE']
2026-04-14 11:57:31,042 [INFO]   - MetaAdAPI: ['APP_ID', 'APP_SECRET', 'ACCESS_TOKEN', 'AD_ACCOUNTS', 'SLACK_WEBHOOK_URL']
2026-04-14 11:57:31,042 [INFO]   - NaverAdAPI: ['CUSTOMER_ID', 'ACCESS_LICENSE', 'SECRET_KEY', 'TARGET_CAMPAIGN_NAME', 'SLACK_WEBHOOK_URL']
2026-04-14 11:57:31,042 [INFO]   - Common: ['USD_TO_KRW_RATE', 'SLACK_WEBHOOK_URL_SALES', 'BOK_API_KEY']
2026-04-14 11:57:31,043 [INFO]   - GoogleKeywordAPI: ['developer_token', 'client_id', 'client_secret', 'refresh_token', 'manager_customer_id', 'default_customer_id', 'SLACK_WEBHOOK_URL']
2026-04-14 11:57:31,043 [INFO]   - NaverKeywordAPI: ['customer_id', 'access_license', 'secret_key', 'SLACK_WEBHOOK_URL']
2026-04-14 11:57:31,043 [INFO]   - API: ['YOUTUBE_API_KEY']
2026-04-14 11:57:31,043 [INFO]   - Gemini: ['GEMINI_API_KEY']
2026-04-14 11:57:31,043 [INFO]   - Notification: ['SlackWebhookURL']
2026-04-14 11:57:31,043 [INFO]   - FrogCafe24: ['MALL_ID', 'CLIENT_ID', 'CLIENT_SECRET', 'ACCESS_TOKEN', 'REFRESH_TOKEN', 'API_VERSION', 'ROLLING_DAYS', 'TOKEN_EXPIRES_AT', 'REFRESH_TOKEN_EXPIRES_AT']
2026-04-14 11:57:31,044 [INFO] [INFO] SystemConfig DB에서 Access Token 로드 완료
2026-04-14 11:57:31,044 [INFO] [INFO] Refresh Token으로 Access Token 갱신 시도
2026-04-14 11:57:31,465 [INFO] [SystemConfig] Cafe24.ACCESS_TOKEN 업데이트 완료
2026-04-14 11:57:31,512 [INFO] [SystemConfig] Cafe24.TOKEN_EXPIRES_AT 업데이트 완료
2026-04-14 11:57:31,557 [INFO] [SystemConfig] Cafe24.REFRESH_TOKEN 업데이트 완료
2026-04-14 11:57:31,599 [INFO] [SystemConfig] Cafe24.REFRESH_TOKEN_EXPIRES_AT 업데이트 완료
2026-04-14 11:57:31,610 [INFO] [INFO] 토큰 갱신 완료 (유효기간: 7200초)
2026-04-14 11:57:31,611 [INFO] [INFO] Access Token 갱신 성공
2026-04-14 11:57:32,804 [INFO]   성공: 수집 2건, Orders I/U 0/2, Details I/U 0/2
2026-04-14 11:57:33,806 [INFO] 
[32/94] 2025-02-03 ~ 2025-02-10
2026-04-14 11:57:33,806 [INFO] [SystemConfig] DB 연결 시도 (1/3)...
2026-04-14 11:57:33,845 [INFO] [SystemConfig] 로드 완료: 54건
2026-04-14 11:57:33,845 [INFO] [SystemConfig] 카테고리: ['Cafe24', 'Sabangnet', 'General', 'MetaAdAPI', 'NaverAdAPI', 'Common', 'GoogleKeywordAPI', 'NaverKeywordAPI', 'API', 'Gemini', 'Notification', 'FrogCafe24']
2026-04-14 11:57:33,846 [INFO]   - Cafe24: ['ROLLING_DAYS', 'SLACK_ENABLED', 'SLACK_WEBHOOK_URL', 'MALL_ID', 'CLIENT_ID', 'CLIENT_SECRET', 'ACCESS_TOKEN', 'REFRESH_TOKEN', 'TOKEN_EXPIRES_AT', 'REFRESH_TOKEN_EXPIRES_AT', 'API_VERSION']
2026-04-14 11:57:33,846 [INFO]   - Sabangnet: ['ROLLING_DAYS', 'SLACK_ENABLED', 'SLACK_WEBHOOK_URL', 'COMPANY_ID', 'AUTH_KEY', 'API_URL']
2026-04-14 11:57:33,846 [INFO]   - General: ['BATCH_SIZE']
2026-04-14 11:57:33,846 [INFO]   - MetaAdAPI: ['APP_ID', 'APP_SECRET', 'ACCESS_TOKEN', 'AD_ACCOUNTS', 'SLACK_WEBHOOK_URL']
2026-04-14 11:57:33,846 [INFO]   - NaverAdAPI: ['CUSTOMER_ID', 'ACCESS_LICENSE', 'SECRET_KEY', 'TARGET_CAMPAIGN_NAME', 'SLACK_WEBHOOK_URL']
2026-04-14 11:57:33,846 [INFO]   - Common: ['USD_TO_KRW_RATE', 'SLACK_WEBHOOK_URL_SALES', 'BOK_API_KEY']
2026-04-14 11:57:33,847 [INFO]   - GoogleKeywordAPI: ['developer_token', 'client_id', 'client_secret', 'refresh_token', 'manager_customer_id', 'default_customer_id', 'SLACK_WEBHOOK_URL']
2026-04-14 11:57:33,847 [INFO]   - NaverKeywordAPI: ['customer_id', 'access_license', 'secret_key', 'SLACK_WEBHOOK_URL']
2026-04-14 11:57:33,847 [INFO]   - API: ['YOUTUBE_API_KEY']
2026-04-14 11:57:33,847 [INFO]   - Gemini: ['GEMINI_API_KEY']
2026-04-14 11:57:33,847 [INFO]   - Notification: ['SlackWebhookURL']
2026-04-14 11:57:33,848 [INFO]   - FrogCafe24: ['MALL_ID', 'CLIENT_ID', 'CLIENT_SECRET', 'ACCESS_TOKEN', 'REFRESH_TOKEN', 'API_VERSION', 'ROLLING_DAYS', 'TOKEN_EXPIRES_AT', 'REFRESH_TOKEN_EXPIRES_AT']
2026-04-14 11:57:33,848 [INFO] [INFO] SystemConfig DB에서 Access Token 로드 완료
2026-04-14 11:57:33,848 [INFO] [INFO] Refresh Token으로 Access Token 갱신 시도
2026-04-14 11:57:34,438 [INFO] [SystemConfig] Cafe24.ACCESS_TOKEN 업데이트 완료
2026-04-14 11:57:34,512 [INFO] [SystemConfig] Cafe24.TOKEN_EXPIRES_AT 업데이트 완료
2026-04-14 11:57:34,598 [INFO] [SystemConfig] Cafe24.REFRESH_TOKEN 업데이트 완료
2026-04-14 11:57:34,658 [INFO] [SystemConfig] Cafe24.REFRESH_TOKEN_EXPIRES_AT 업데이트 완료
2026-04-14 11:57:34,673 [INFO] [INFO] 토큰 갱신 완료 (유효기간: 7200초)
2026-04-14 11:57:34,675 [INFO] [INFO] Access Token 갱신 성공
2026-04-14 11:57:35,987 [INFO]   성공: 수집 3건, Orders I/U 0/3, Details I/U 0/3
2026-04-14 11:57:36,988 [INFO] 
[33/94] 2025-02-10 ~ 2025-02-17
2026-04-14 11:57:36,988 [INFO] [SystemConfig] DB 연결 시도 (1/3)...
2026-04-14 11:57:37,021 [INFO] [SystemConfig] 로드 완료: 54건
2026-04-14 11:57:37,021 [INFO] [SystemConfig] 카테고리: ['Cafe24', 'Sabangnet', 'General', 'MetaAdAPI', 'NaverAdAPI', 'Common', 'GoogleKeywordAPI', 'NaverKeywordAPI', 'API', 'Gemini', 'Notification', 'FrogCafe24']
2026-04-14 11:57:37,022 [INFO]   - Cafe24: ['ROLLING_DAYS', 'SLACK_ENABLED', 'SLACK_WEBHOOK_URL', 'MALL_ID', 'CLIENT_ID', 'CLIENT_SECRET', 'ACCESS_TOKEN', 'REFRESH_TOKEN', 'TOKEN_EXPIRES_AT', 'REFRESH_TOKEN_EXPIRES_AT', 'API_VERSION']
2026-04-14 11:57:37,022 [INFO]   - Sabangnet: ['ROLLING_DAYS', 'SLACK_ENABLED', 'SLACK_WEBHOOK_URL', 'COMPANY_ID', 'AUTH_KEY', 'API_URL']
2026-04-14 11:57:37,022 [INFO]   - General: ['BATCH_SIZE']
2026-04-14 11:57:37,022 [INFO]   - MetaAdAPI: ['APP_ID', 'APP_SECRET', 'ACCESS_TOKEN', 'AD_ACCOUNTS', 'SLACK_WEBHOOK_URL']
2026-04-14 11:57:37,022 [INFO]   - NaverAdAPI: ['CUSTOMER_ID', 'ACCESS_LICENSE', 'SECRET_KEY', 'TARGET_CAMPAIGN_NAME', 'SLACK_WEBHOOK_URL']
2026-04-14 11:57:37,022 [INFO]   - Common: ['USD_TO_KRW_RATE', 'SLACK_WEBHOOK_URL_SALES', 'BOK_API_KEY']
2026-04-14 11:57:37,023 [INFO]   - GoogleKeywordAPI: ['developer_token', 'client_id', 'client_secret', 'refresh_token', 'manager_customer_id', 'default_customer_id', 'SLACK_WEBHOOK_URL']
2026-04-14 11:57:37,023 [INFO]   - NaverKeywordAPI: ['customer_id', 'access_license', 'secret_key', 'SLACK_WEBHOOK_URL']
2026-04-14 11:57:37,023 [INFO]   - API: ['YOUTUBE_API_KEY']
2026-04-14 11:57:37,023 [INFO]   - Gemini: ['GEMINI_API_KEY']
2026-04-14 11:57:37,023 [INFO]   - Notification: ['SlackWebhookURL']
2026-04-14 11:57:37,023 [INFO]   - FrogCafe24: ['MALL_ID', 'CLIENT_ID', 'CLIENT_SECRET', 'ACCESS_TOKEN', 'REFRESH_TOKEN', 'API_VERSION', 'ROLLING_DAYS', 'TOKEN_EXPIRES_AT', 'REFRESH_TOKEN_EXPIRES_AT']
2026-04-14 11:57:37,023 [INFO] [INFO] SystemConfig DB에서 Access Token 로드 완료
2026-04-14 11:57:37,023 [INFO] [INFO] Refresh Token으로 Access Token 갱신 시도
2026-04-14 11:57:37,411 [INFO] [SystemConfig] Cafe24.ACCESS_TOKEN 업데이트 완료
2026-04-14 11:57:37,467 [INFO] [SystemConfig] Cafe24.TOKEN_EXPIRES_AT 업데이트 완료
2026-04-14 11:57:37,524 [INFO] [SystemConfig] Cafe24.REFRESH_TOKEN 업데이트 완료
2026-04-14 11:57:37,581 [INFO] [SystemConfig] Cafe24.REFRESH_TOKEN_EXPIRES_AT 업데이트 완료
2026-04-14 11:57:37,594 [INFO] [INFO] 토큰 갱신 완료 (유효기간: 7200초)
2026-04-14 11:57:37,596 [INFO] [INFO] Access Token 갱신 성공
2026-04-14 11:57:39,436 [INFO]   성공: 수집 14건, Orders I/U 0/14, Details I/U 0/16
2026-04-14 11:57:40,438 [INFO] 
[34/94] 2025-02-17 ~ 2025-02-24
2026-04-14 11:57:40,438 [INFO] [SystemConfig] DB 연결 시도 (1/3)...
2026-04-14 11:57:40,467 [INFO] [SystemConfig] 로드 완료: 54건
2026-04-14 11:57:40,467 [INFO] [SystemConfig] 카테고리: ['Cafe24', 'Sabangnet', 'General', 'MetaAdAPI', 'NaverAdAPI', 'Common', 'GoogleKeywordAPI', 'NaverKeywordAPI', 'API', 'Gemini', 'Notification', 'FrogCafe24']
2026-04-14 11:57:40,467 [INFO]   - Cafe24: ['ROLLING_DAYS', 'SLACK_ENABLED', 'SLACK_WEBHOOK_URL', 'MALL_ID', 'CLIENT_ID', 'CLIENT_SECRET', 'ACCESS_TOKEN', 'REFRESH_TOKEN', 'TOKEN_EXPIRES_AT', 'REFRESH_TOKEN_EXPIRES_AT', 'API_VERSION']
2026-04-14 11:57:40,467 [INFO]   - Sabangnet: ['ROLLING_DAYS', 'SLACK_ENABLED', 'SLACK_WEBHOOK_URL', 'COMPANY_ID', 'AUTH_KEY', 'API_URL']
2026-04-14 11:57:40,467 [INFO]   - General: ['BATCH_SIZE']
2026-04-14 11:57:40,468 [INFO]   - MetaAdAPI: ['APP_ID', 'APP_SECRET', 'ACCESS_TOKEN', 'AD_ACCOUNTS', 'SLACK_WEBHOOK_URL']
2026-04-14 11:57:40,468 [INFO]   - NaverAdAPI: ['CUSTOMER_ID', 'ACCESS_LICENSE', 'SECRET_KEY', 'TARGET_CAMPAIGN_NAME', 'SLACK_WEBHOOK_URL']
2026-04-14 11:57:40,468 [INFO]   - Common: ['USD_TO_KRW_RATE', 'SLACK_WEBHOOK_URL_SALES', 'BOK_API_KEY']
2026-04-14 11:57:40,468 [INFO]   - GoogleKeywordAPI: ['developer_token', 'client_id', 'client_secret', 'refresh_token', 'manager_customer_id', 'default_customer_id', 'SLACK_WEBHOOK_URL']
2026-04-14 11:57:40,468 [INFO]   - NaverKeywordAPI: ['customer_id', 'access_license', 'secret_key', 'SLACK_WEBHOOK_URL']
2026-04-14 11:57:40,468 [INFO]   - API: ['YOUTUBE_API_KEY']
2026-04-14 11:57:40,468 [INFO]   - Gemini: ['GEMINI_API_KEY']
2026-04-14 11:57:40,468 [INFO]   - Notification: ['SlackWebhookURL']
2026-04-14 11:57:40,468 [INFO]   - FrogCafe24: ['MALL_ID', 'CLIENT_ID', 'CLIENT_SECRET', 'ACCESS_TOKEN', 'REFRESH_TOKEN', 'API_VERSION', 'ROLLING_DAYS', 'TOKEN_EXPIRES_AT', 'REFRESH_TOKEN_EXPIRES_AT']
2026-04-14 11:57:40,468 [INFO] [INFO] SystemConfig DB에서 Access Token 로드 완료
2026-04-14 11:57:40,468 [INFO] [INFO] Refresh Token으로 Access Token 갱신 시도
2026-04-14 11:57:40,830 [INFO] [SystemConfig] Cafe24.ACCESS_TOKEN 업데이트 완료
2026-04-14 11:57:40,884 [INFO] [SystemConfig] Cafe24.TOKEN_EXPIRES_AT 업데이트 완료
2026-04-14 11:57:40,942 [INFO] [SystemConfig] Cafe24.REFRESH_TOKEN 업데이트 완료
2026-04-14 11:57:41,002 [INFO] [SystemConfig] Cafe24.REFRESH_TOKEN_EXPIRES_AT 업데이트 완료
2026-04-14 11:57:41,016 [INFO] [INFO] 토큰 갱신 완료 (유효기간: 7200초)
2026-04-14 11:57:41,017 [INFO] [INFO] Access Token 갱신 성공
2026-04-14 11:57:42,502 [INFO]   성공: 수집 8건, Orders I/U 0/8, Details I/U 0/8
2026-04-14 11:57:43,503 [INFO] 
[35/94] 2025-02-24 ~ 2025-03-03
2026-04-14 11:57:43,503 [INFO] [SystemConfig] DB 연결 시도 (1/3)...
2026-04-14 11:57:43,536 [INFO] [SystemConfig] 로드 완료: 54건
2026-04-14 11:57:43,536 [INFO] [SystemConfig] 카테고리: ['Cafe24', 'Sabangnet', 'General', 'MetaAdAPI', 'NaverAdAPI', 'Common', 'GoogleKeywordAPI', 'NaverKeywordAPI', 'API', 'Gemini', 'Notification', 'FrogCafe24']
2026-04-14 11:57:43,536 [INFO]   - Cafe24: ['ROLLING_DAYS', 'SLACK_ENABLED', 'SLACK_WEBHOOK_URL', 'MALL_ID', 'CLIENT_ID', 'CLIENT_SECRET', 'ACCESS_TOKEN', 'REFRESH_TOKEN', 'TOKEN_EXPIRES_AT', 'REFRESH_TOKEN_EXPIRES_AT', 'API_VERSION']
2026-04-14 11:57:43,536 [INFO]   - Sabangnet: ['ROLLING_DAYS', 'SLACK_ENABLED', 'SLACK_WEBHOOK_URL', 'COMPANY_ID', 'AUTH_KEY', 'API_URL']
2026-04-14 11:57:43,537 [INFO]   - General: ['BATCH_SIZE']
2026-04-14 11:57:43,537 [INFO]   - MetaAdAPI: ['APP_ID', 'APP_SECRET', 'ACCESS_TOKEN', 'AD_ACCOUNTS', 'SLACK_WEBHOOK_URL']
2026-04-14 11:57:43,537 [INFO]   - NaverAdAPI: ['CUSTOMER_ID', 'ACCESS_LICENSE', 'SECRET_KEY', 'TARGET_CAMPAIGN_NAME', 'SLACK_WEBHOOK_URL']
2026-04-14 11:57:43,537 [INFO]   - Common: ['USD_TO_KRW_RATE', 'SLACK_WEBHOOK_URL_SALES', 'BOK_API_KEY']
2026-04-14 11:57:43,537 [INFO]   - GoogleKeywordAPI: ['developer_token', 'client_id', 'client_secret', 'refresh_token', 'manager_customer_id', 'default_customer_id', 'SLACK_WEBHOOK_URL']
2026-04-14 11:57:43,537 [INFO]   - NaverKeywordAPI: ['customer_id', 'access_license', 'secret_key', 'SLACK_WEBHOOK_URL']
2026-04-14 11:57:43,537 [INFO]   - API: ['YOUTUBE_API_KEY']
2026-04-14 11:57:43,537 [INFO]   - Gemini: ['GEMINI_API_KEY']
2026-04-14 11:57:43,537 [INFO]   - Notification: ['SlackWebhookURL']
2026-04-14 11:57:43,537 [INFO]   - FrogCafe24: ['MALL_ID', 'CLIENT_ID', 'CLIENT_SECRET', 'ACCESS_TOKEN', 'REFRESH_TOKEN', 'API_VERSION', 'ROLLING_DAYS', 'TOKEN_EXPIRES_AT', 'REFRESH_TOKEN_EXPIRES_AT']
2026-04-14 11:57:43,537 [INFO] [INFO] SystemConfig DB에서 Access Token 로드 완료
2026-04-14 11:57:43,538 [INFO] [INFO] Refresh Token으로 Access Token 갱신 시도
2026-04-14 11:57:43,912 [INFO] [SystemConfig] Cafe24.ACCESS_TOKEN 업데이트 완료
2026-04-14 11:57:43,976 [INFO] [SystemConfig] Cafe24.TOKEN_EXPIRES_AT 업데이트 완료
2026-04-14 11:57:44,035 [INFO] [SystemConfig] Cafe24.REFRESH_TOKEN 업데이트 완료
2026-04-14 11:57:44,091 [INFO] [SystemConfig] Cafe24.REFRESH_TOKEN_EXPIRES_AT 업데이트 완료
2026-04-14 11:57:44,104 [INFO] [INFO] 토큰 갱신 완료 (유효기간: 7200초)
2026-04-14 11:57:44,106 [INFO] [INFO] Access Token 갱신 성공
2026-04-14 11:57:45,269 [INFO]   성공: 수집 1건, Orders I/U 0/1, Details I/U 0/1
2026-04-14 11:57:46,271 [INFO] 
[36/94] 2025-03-03 ~ 2025-03-10
2026-04-14 11:57:46,271 [INFO] [SystemConfig] DB 연결 시도 (1/3)...
2026-04-14 11:57:46,303 [INFO] [SystemConfig] 로드 완료: 54건
2026-04-14 11:57:46,304 [INFO] [SystemConfig] 카테고리: ['Cafe24', 'Sabangnet', 'General', 'MetaAdAPI', 'NaverAdAPI', 'Common', 'GoogleKeywordAPI', 'NaverKeywordAPI', 'API', 'Gemini', 'Notification', 'FrogCafe24']
2026-04-14 11:57:46,304 [INFO]   - Cafe24: ['ROLLING_DAYS', 'SLACK_ENABLED', 'SLACK_WEBHOOK_URL', 'MALL_ID', 'CLIENT_ID', 'CLIENT_SECRET', 'ACCESS_TOKEN', 'REFRESH_TOKEN', 'TOKEN_EXPIRES_AT', 'REFRESH_TOKEN_EXPIRES_AT', 'API_VERSION']
2026-04-14 11:57:46,304 [INFO]   - Sabangnet: ['ROLLING_DAYS', 'SLACK_ENABLED', 'SLACK_WEBHOOK_URL', 'COMPANY_ID', 'AUTH_KEY', 'API_URL']
2026-04-14 11:57:46,304 [INFO]   - General: ['BATCH_SIZE']
2026-04-14 11:57:46,304 [INFO]   - MetaAdAPI: ['APP_ID', 'APP_SECRET', 'ACCESS_TOKEN', 'AD_ACCOUNTS', 'SLACK_WEBHOOK_URL']
2026-04-14 11:57:46,304 [INFO]   - NaverAdAPI: ['CUSTOMER_ID', 'ACCESS_LICENSE', 'SECRET_KEY', 'TARGET_CAMPAIGN_NAME', 'SLACK_WEBHOOK_URL']
2026-04-14 11:57:46,304 [INFO]   - Common: ['USD_TO_KRW_RATE', 'SLACK_WEBHOOK_URL_SALES', 'BOK_API_KEY']
2026-04-14 11:57:46,305 [INFO]   - GoogleKeywordAPI: ['developer_token', 'client_id', 'client_secret', 'refresh_token', 'manager_customer_id', 'default_customer_id', 'SLACK_WEBHOOK_URL']
2026-04-14 11:57:46,305 [INFO]   - NaverKeywordAPI: ['customer_id', 'access_license', 'secret_key', 'SLACK_WEBHOOK_URL']
2026-04-14 11:57:46,305 [INFO]   - API: ['YOUTUBE_API_KEY']
2026-04-14 11:57:46,305 [INFO]   - Gemini: ['GEMINI_API_KEY']
2026-04-14 11:57:46,305 [INFO]   - Notification: ['SlackWebhookURL']
2026-04-14 11:57:46,305 [INFO]   - FrogCafe24: ['MALL_ID', 'CLIENT_ID', 'CLIENT_SECRET', 'ACCESS_TOKEN', 'REFRESH_TOKEN', 'API_VERSION', 'ROLLING_DAYS', 'TOKEN_EXPIRES_AT', 'REFRESH_TOKEN_EXPIRES_AT']
2026-04-14 11:57:46,305 [INFO] [INFO] SystemConfig DB에서 Access Token 로드 완료
2026-04-14 11:57:46,305 [INFO] [INFO] Refresh Token으로 Access Token 갱신 시도
2026-04-14 11:57:46,651 [INFO] [SystemConfig] Cafe24.ACCESS_TOKEN 업데이트 완료
2026-04-14 11:57:46,708 [INFO] [SystemConfig] Cafe24.TOKEN_EXPIRES_AT 업데이트 완료
2026-04-14 11:57:46,763 [INFO] [SystemConfig] Cafe24.REFRESH_TOKEN 업데이트 완료
2026-04-14 11:57:46,824 [INFO] [SystemConfig] Cafe24.REFRESH_TOKEN_EXPIRES_AT 업데이트 완료
2026-04-14 11:57:46,839 [INFO] [INFO] 토큰 갱신 완료 (유효기간: 7200초)
2026-04-14 11:57:46,841 [INFO] [INFO] Access Token 갱신 성공
2026-04-14 11:57:47,967 [INFO]   성공: 수집 1건, Orders I/U 0/1, Details I/U 0/1
2026-04-14 11:57:48,968 [INFO] 
[37/94] 2025-03-10 ~ 2025-03-17
2026-04-14 11:57:48,969 [INFO] [SystemConfig] DB 연결 시도 (1/3)...
2026-04-14 11:57:48,995 [INFO] [SystemConfig] 로드 완료: 54건
2026-04-14 11:57:48,995 [INFO] [SystemConfig] 카테고리: ['Cafe24', 'Sabangnet', 'General', 'MetaAdAPI', 'NaverAdAPI', 'Common', 'GoogleKeywordAPI', 'NaverKeywordAPI', 'API', 'Gemini', 'Notification', 'FrogCafe24']
2026-04-14 11:57:48,996 [INFO]   - Cafe24: ['ROLLING_DAYS', 'SLACK_ENABLED', 'SLACK_WEBHOOK_URL', 'MALL_ID', 'CLIENT_ID', 'CLIENT_SECRET', 'ACCESS_TOKEN', 'REFRESH_TOKEN', 'TOKEN_EXPIRES_AT', 'REFRESH_TOKEN_EXPIRES_AT', 'API_VERSION']
2026-04-14 11:57:48,996 [INFO]   - Sabangnet: ['ROLLING_DAYS', 'SLACK_ENABLED', 'SLACK_WEBHOOK_URL', 'COMPANY_ID', 'AUTH_KEY', 'API_URL']
2026-04-14 11:57:48,996 [INFO]   - General: ['BATCH_SIZE']
2026-04-14 11:57:48,996 [INFO]   - MetaAdAPI: ['APP_ID', 'APP_SECRET', 'ACCESS_TOKEN', 'AD_ACCOUNTS', 'SLACK_WEBHOOK_URL']
2026-04-14 11:57:48,996 [INFO]   - NaverAdAPI: ['CUSTOMER_ID', 'ACCESS_LICENSE', 'SECRET_KEY', 'TARGET_CAMPAIGN_NAME', 'SLACK_WEBHOOK_URL']
2026-04-14 11:57:48,997 [INFO]   - Common: ['USD_TO_KRW_RATE', 'SLACK_WEBHOOK_URL_SALES', 'BOK_API_KEY']
2026-04-14 11:57:48,997 [INFO]   - GoogleKeywordAPI: ['developer_token', 'client_id', 'client_secret', 'refresh_token', 'manager_customer_id', 'default_customer_id', 'SLACK_WEBHOOK_URL']
2026-04-14 11:57:48,997 [INFO]   - NaverKeywordAPI: ['customer_id', 'access_license', 'secret_key', 'SLACK_WEBHOOK_URL']
2026-04-14 11:57:48,998 [INFO]   - API: ['YOUTUBE_API_KEY']
2026-04-14 11:57:48,998 [INFO]   - Gemini: ['GEMINI_API_KEY']
2026-04-14 11:57:48,998 [INFO]   - Notification: ['SlackWebhookURL']
2026-04-14 11:57:48,999 [INFO]   - FrogCafe24: ['MALL_ID', 'CLIENT_ID', 'CLIENT_SECRET', 'ACCESS_TOKEN', 'REFRESH_TOKEN', 'API_VERSION', 'ROLLING_DAYS', 'TOKEN_EXPIRES_AT', 'REFRESH_TOKEN_EXPIRES_AT']
2026-04-14 11:57:48,999 [INFO] [INFO] SystemConfig DB에서 Access Token 로드 완료
2026-04-14 11:57:48,999 [INFO] [INFO] Refresh Token으로 Access Token 갱신 시도
2026-04-14 11:57:49,347 [INFO] [SystemConfig] Cafe24.ACCESS_TOKEN 업데이트 완료
2026-04-14 11:57:49,394 [INFO] [SystemConfig] Cafe24.TOKEN_EXPIRES_AT 업데이트 완료
2026-04-14 11:57:49,440 [INFO] [SystemConfig] Cafe24.REFRESH_TOKEN 업데이트 완료
2026-04-14 11:57:49,487 [INFO] [SystemConfig] Cafe24.REFRESH_TOKEN_EXPIRES_AT 업데이트 완료
2026-04-14 11:57:49,497 [INFO] [INFO] 토큰 갱신 완료 (유효기간: 7200초)
2026-04-14 11:57:49,498 [INFO] [INFO] Access Token 갱신 성공
2026-04-14 11:57:51,140 [INFO]   성공: 수집 4건, Orders I/U 0/4, Details I/U 0/15
2026-04-14 11:57:52,142 [INFO] 
[38/94] 2025-03-17 ~ 2025-03-24
2026-04-14 11:57:52,142 [INFO] [SystemConfig] DB 연결 시도 (1/3)...
2026-04-14 11:57:52,169 [INFO] [SystemConfig] 로드 완료: 54건
2026-04-14 11:57:52,169 [INFO] [SystemConfig] 카테고리: ['Cafe24', 'Sabangnet', 'General', 'MetaAdAPI', 'NaverAdAPI', 'Common', 'GoogleKeywordAPI', 'NaverKeywordAPI', 'API', 'Gemini', 'Notification', 'FrogCafe24']
2026-04-14 11:57:52,169 [INFO]   - Cafe24: ['ROLLING_DAYS', 'SLACK_ENABLED', 'SLACK_WEBHOOK_URL', 'MALL_ID', 'CLIENT_ID', 'CLIENT_SECRET', 'ACCESS_TOKEN', 'REFRESH_TOKEN', 'TOKEN_EXPIRES_AT', 'REFRESH_TOKEN_EXPIRES_AT', 'API_VERSION']
2026-04-14 11:57:52,169 [INFO]   - Sabangnet: ['ROLLING_DAYS', 'SLACK_ENABLED', 'SLACK_WEBHOOK_URL', 'COMPANY_ID', 'AUTH_KEY', 'API_URL']
2026-04-14 11:57:52,169 [INFO]   - General: ['BATCH_SIZE']
2026-04-14 11:57:52,169 [INFO]   - MetaAdAPI: ['APP_ID', 'APP_SECRET', 'ACCESS_TOKEN', 'AD_ACCOUNTS', 'SLACK_WEBHOOK_URL']
2026-04-14 11:57:52,170 [INFO]   - NaverAdAPI: ['CUSTOMER_ID', 'ACCESS_LICENSE', 'SECRET_KEY', 'TARGET_CAMPAIGN_NAME', 'SLACK_WEBHOOK_URL']
2026-04-14 11:57:52,170 [INFO]   - Common: ['USD_TO_KRW_RATE', 'SLACK_WEBHOOK_URL_SALES', 'BOK_API_KEY']
2026-04-14 11:57:52,170 [INFO]   - GoogleKeywordAPI: ['developer_token', 'client_id', 'client_secret', 'refresh_token', 'manager_customer_id', 'default_customer_id', 'SLACK_WEBHOOK_URL']
2026-04-14 11:57:52,170 [INFO]   - NaverKeywordAPI: ['customer_id', 'access_license', 'secret_key', 'SLACK_WEBHOOK_URL']
2026-04-14 11:57:52,171 [INFO]   - API: ['YOUTUBE_API_KEY']
2026-04-14 11:57:52,171 [INFO]   - Gemini: ['GEMINI_API_KEY']
2026-04-14 11:57:52,171 [INFO]   - Notification: ['SlackWebhookURL']
2026-04-14 11:57:52,171 [INFO]   - FrogCafe24: ['MALL_ID', 'CLIENT_ID', 'CLIENT_SECRET', 'ACCESS_TOKEN', 'REFRESH_TOKEN', 'API_VERSION', 'ROLLING_DAYS', 'TOKEN_EXPIRES_AT', 'REFRESH_TOKEN_EXPIRES_AT']
2026-04-14 11:57:52,171 [INFO] [INFO] SystemConfig DB에서 Access Token 로드 완료
2026-04-14 11:57:52,172 [INFO] [INFO] Refresh Token으로 Access Token 갱신 시도
2026-04-14 11:57:52,551 [INFO] [SystemConfig] Cafe24.ACCESS_TOKEN 업데이트 완료
2026-04-14 11:57:52,593 [INFO] [SystemConfig] Cafe24.TOKEN_EXPIRES_AT 업데이트 완료
2026-04-14 11:57:52,635 [INFO] [SystemConfig] Cafe24.REFRESH_TOKEN 업데이트 완료
2026-04-14 11:57:52,683 [INFO] [SystemConfig] Cafe24.REFRESH_TOKEN_EXPIRES_AT 업데이트 완료
2026-04-14 11:57:52,697 [INFO] [INFO] 토큰 갱신 완료 (유효기간: 7200초)
2026-04-14 11:57:52,699 [INFO] [INFO] Access Token 갱신 성공
2026-04-14 12:03:51,282 [INFO]   성공: 수집 4227건, Orders I/U 0/4227, Details I/U 0/8533
2026-04-14 12:03:52,284 [INFO] 
[39/94] 2025-03-24 ~ 2025-03-31
2026-04-14 12:03:52,285 [INFO] [SystemConfig] DB 연결 시도 (1/3)...
2026-04-14 12:03:52,428 [INFO] [SystemConfig] 로드 완료: 54건
2026-04-14 12:03:52,429 [INFO] [SystemConfig] 카테고리: ['Cafe24', 'Sabangnet', 'General', 'MetaAdAPI', 'NaverAdAPI', 'Common', 'GoogleKeywordAPI', 'NaverKeywordAPI', 'API', 'Gemini', 'Notification', 'FrogCafe24']
2026-04-14 12:03:52,429 [INFO]   - Cafe24: ['ROLLING_DAYS', 'SLACK_ENABLED', 'SLACK_WEBHOOK_URL', 'MALL_ID', 'CLIENT_ID', 'CLIENT_SECRET', 'ACCESS_TOKEN', 'REFRESH_TOKEN', 'TOKEN_EXPIRES_AT', 'REFRESH_TOKEN_EXPIRES_AT', 'API_VERSION']
2026-04-14 12:03:52,430 [INFO]   - Sabangnet: ['ROLLING_DAYS', 'SLACK_ENABLED', 'SLACK_WEBHOOK_URL', 'COMPANY_ID', 'AUTH_KEY', 'API_URL']
2026-04-14 12:03:52,430 [INFO]   - General: ['BATCH_SIZE']
2026-04-14 12:03:52,430 [INFO]   - MetaAdAPI: ['APP_ID', 'APP_SECRET', 'ACCESS_TOKEN', 'AD_ACCOUNTS', 'SLACK_WEBHOOK_URL']
2026-04-14 12:03:52,430 [INFO]   - NaverAdAPI: ['CUSTOMER_ID', 'ACCESS_LICENSE', 'SECRET_KEY', 'TARGET_CAMPAIGN_NAME', 'SLACK_WEBHOOK_URL']
2026-04-14 12:03:52,431 [INFO]   - Common: ['USD_TO_KRW_RATE', 'SLACK_WEBHOOK_URL_SALES', 'BOK_API_KEY']
2026-04-14 12:03:52,431 [INFO]   - GoogleKeywordAPI: ['developer_token', 'client_id', 'client_secret', 'refresh_token', 'manager_customer_id', 'default_customer_id', 'SLACK_WEBHOOK_URL']
2026-04-14 12:03:52,431 [INFO]   - NaverKeywordAPI: ['customer_id', 'access_license', 'secret_key', 'SLACK_WEBHOOK_URL']
2026-04-14 12:03:52,432 [INFO]   - API: ['YOUTUBE_API_KEY']
2026-04-14 12:03:52,432 [INFO]   - Gemini: ['GEMINI_API_KEY']
2026-04-14 12:03:52,432 [INFO]   - Notification: ['SlackWebhookURL']
2026-04-14 12:03:52,432 [INFO]   - FrogCafe24: ['MALL_ID', 'CLIENT_ID', 'CLIENT_SECRET', 'ACCESS_TOKEN', 'REFRESH_TOKEN', 'API_VERSION', 'ROLLING_DAYS', 'TOKEN_EXPIRES_AT', 'REFRESH_TOKEN_EXPIRES_AT']
2026-04-14 12:03:52,433 [INFO] [INFO] SystemConfig DB에서 Access Token 로드 완료
2026-04-14 12:03:52,433 [INFO] [INFO] Refresh Token으로 Access Token 갱신 시도
2026-04-14 12:03:52,791 [INFO] [SystemConfig] Cafe24.ACCESS_TOKEN 업데이트 완료
2026-04-14 12:03:52,857 [INFO] [SystemConfig] Cafe24.TOKEN_EXPIRES_AT 업데이트 완료
2026-04-14 12:03:52,914 [INFO] [SystemConfig] Cafe24.REFRESH_TOKEN 업데이트 완료
2026-04-14 12:03:52,974 [INFO] [SystemConfig] Cafe24.REFRESH_TOKEN_EXPIRES_AT 업데이트 완료
2026-04-14 12:03:52,990 [INFO] [INFO] 토큰 갱신 완료 (유효기간: 7200초)
2026-04-14 12:03:52,992 [INFO] [INFO] Access Token 갱신 성공
2026-04-14 12:04:17,770 [INFO]   성공: 수집 284건, Orders I/U 0/284, Details I/U 0/537
2026-04-14 12:04:18,772 [INFO] 
[40/94] 2025-03-31 ~ 2025-04-07
2026-04-14 12:04:18,772 [INFO] [SystemConfig] DB 연결 시도 (1/3)...
2026-04-14 12:04:18,801 [INFO] [SystemConfig] 로드 완료: 54건
2026-04-14 12:04:18,802 [INFO] [SystemConfig] 카테고리: ['Cafe24', 'Sabangnet', 'General', 'MetaAdAPI', 'NaverAdAPI', 'Common', 'GoogleKeywordAPI', 'NaverKeywordAPI', 'API', 'Gemini', 'Notification', 'FrogCafe24']
2026-04-14 12:04:18,802 [INFO]   - Cafe24: ['ROLLING_DAYS', 'SLACK_ENABLED', 'SLACK_WEBHOOK_URL', 'MALL_ID', 'CLIENT_ID', 'CLIENT_SECRET', 'ACCESS_TOKEN', 'REFRESH_TOKEN', 'TOKEN_EXPIRES_AT', 'REFRESH_TOKEN_EXPIRES_AT', 'API_VERSION']
2026-04-14 12:04:18,802 [INFO]   - Sabangnet: ['ROLLING_DAYS', 'SLACK_ENABLED', 'SLACK_WEBHOOK_URL', 'COMPANY_ID', 'AUTH_KEY', 'API_URL']
2026-04-14 12:04:18,802 [INFO]   - General: ['BATCH_SIZE']
2026-04-14 12:04:18,802 [INFO]   - MetaAdAPI: ['APP_ID', 'APP_SECRET', 'ACCESS_TOKEN', 'AD_ACCOUNTS', 'SLACK_WEBHOOK_URL']
2026-04-14 12:04:18,802 [INFO]   - NaverAdAPI: ['CUSTOMER_ID', 'ACCESS_LICENSE', 'SECRET_KEY', 'TARGET_CAMPAIGN_NAME', 'SLACK_WEBHOOK_URL']
2026-04-14 12:04:18,802 [INFO]   - Common: ['USD_TO_KRW_RATE', 'SLACK_WEBHOOK_URL_SALES', 'BOK_API_KEY']
2026-04-14 12:04:18,803 [INFO]   - GoogleKeywordAPI: ['developer_token', 'client_id', 'client_secret', 'refresh_token', 'manager_customer_id', 'default_customer_id', 'SLACK_WEBHOOK_URL']
2026-04-14 12:04:18,803 [INFO]   - NaverKeywordAPI: ['customer_id', 'access_license', 'secret_key', 'SLACK_WEBHOOK_URL']
2026-04-14 12:04:18,803 [INFO]   - API: ['YOUTUBE_API_KEY']
2026-04-14 12:04:18,803 [INFO]   - Gemini: ['GEMINI_API_KEY']
2026-04-14 12:04:18,803 [INFO]   - Notification: ['SlackWebhookURL']
2026-04-14 12:04:18,803 [INFO]   - FrogCafe24: ['MALL_ID', 'CLIENT_ID', 'CLIENT_SECRET', 'ACCESS_TOKEN', 'REFRESH_TOKEN', 'API_VERSION', 'ROLLING_DAYS', 'TOKEN_EXPIRES_AT', 'REFRESH_TOKEN_EXPIRES_AT']
2026-04-14 12:04:18,803 [INFO] [INFO] SystemConfig DB에서 Access Token 로드 완료
2026-04-14 12:04:18,803 [INFO] [INFO] Refresh Token으로 Access Token 갱신 시도
2026-04-14 12:04:19,144 [INFO] [SystemConfig] Cafe24.ACCESS_TOKEN 업데이트 완료
2026-04-14 12:04:19,199 [INFO] [SystemConfig] Cafe24.TOKEN_EXPIRES_AT 업데이트 완료
2026-04-14 12:04:19,243 [INFO] [SystemConfig] Cafe24.REFRESH_TOKEN 업데이트 완료
2026-04-14 12:04:19,294 [INFO] [SystemConfig] Cafe24.REFRESH_TOKEN_EXPIRES_AT 업데이트 완료
2026-04-14 12:04:19,306 [INFO] [INFO] 토큰 갱신 완료 (유효기간: 7200초)
2026-04-14 12:04:19,307 [INFO] [INFO] Access Token 갱신 성공
2026-04-14 12:04:20,960 [INFO]   성공: 수집 12건, Orders I/U 0/12, Details I/U 0/12
2026-04-14 12:04:21,962 [INFO] 
[41/94] 2025-04-07 ~ 2025-04-14
2026-04-14 12:04:21,963 [INFO] [SystemConfig] DB 연결 시도 (1/3)...
2026-04-14 12:04:21,995 [INFO] [SystemConfig] 로드 완료: 54건
2026-04-14 12:04:21,995 [INFO] [SystemConfig] 카테고리: ['Cafe24', 'Sabangnet', 'General', 'MetaAdAPI', 'NaverAdAPI', 'Common', 'GoogleKeywordAPI', 'NaverKeywordAPI', 'API', 'Gemini', 'Notification', 'FrogCafe24']
2026-04-14 12:04:21,996 [INFO]   - Cafe24: ['ROLLING_DAYS', 'SLACK_ENABLED', 'SLACK_WEBHOOK_URL', 'MALL_ID', 'CLIENT_ID', 'CLIENT_SECRET', 'ACCESS_TOKEN', 'REFRESH_TOKEN', 'TOKEN_EXPIRES_AT', 'REFRESH_TOKEN_EXPIRES_AT', 'API_VERSION']
2026-04-14 12:04:21,996 [INFO]   - Sabangnet: ['ROLLING_DAYS', 'SLACK_ENABLED', 'SLACK_WEBHOOK_URL', 'COMPANY_ID', 'AUTH_KEY', 'API_URL']
2026-04-14 12:04:21,996 [INFO]   - General: ['BATCH_SIZE']
2026-04-14 12:04:21,997 [INFO]   - MetaAdAPI: ['APP_ID', 'APP_SECRET', 'ACCESS_TOKEN', 'AD_ACCOUNTS', 'SLACK_WEBHOOK_URL']
2026-04-14 12:04:21,997 [INFO]   - NaverAdAPI: ['CUSTOMER_ID', 'ACCESS_LICENSE', 'SECRET_KEY', 'TARGET_CAMPAIGN_NAME', 'SLACK_WEBHOOK_URL']
2026-04-14 12:04:21,998 [INFO]   - Common: ['USD_TO_KRW_RATE', 'SLACK_WEBHOOK_URL_SALES', 'BOK_API_KEY']
2026-04-14 12:04:21,998 [INFO]   - GoogleKeywordAPI: ['developer_token', 'client_id', 'client_secret', 'refresh_token', 'manager_customer_id', 'default_customer_id', 'SLACK_WEBHOOK_URL']
2026-04-14 12:04:21,998 [INFO]   - NaverKeywordAPI: ['customer_id', 'access_license', 'secret_key', 'SLACK_WEBHOOK_URL']
2026-04-14 12:04:21,999 [INFO]   - API: ['YOUTUBE_API_KEY']
2026-04-14 12:04:21,999 [INFO]   - Gemini: ['GEMINI_API_KEY']
2026-04-14 12:04:21,999 [INFO]   - Notification: ['SlackWebhookURL']
2026-04-14 12:04:22,000 [INFO]   - FrogCafe24: ['MALL_ID', 'CLIENT_ID', 'CLIENT_SECRET', 'ACCESS_TOKEN', 'REFRESH_TOKEN', 'API_VERSION', 'ROLLING_DAYS', 'TOKEN_EXPIRES_AT', 'REFRESH_TOKEN_EXPIRES_AT']
2026-04-14 12:04:22,000 [INFO] [INFO] SystemConfig DB에서 Access Token 로드 완료
2026-04-14 12:04:22,000 [INFO] [INFO] Refresh Token으로 Access Token 갱신 시도
2026-04-14 12:04:22,356 [INFO] [SystemConfig] Cafe24.ACCESS_TOKEN 업데이트 완료
2026-04-14 12:04:22,403 [INFO] [SystemConfig] Cafe24.TOKEN_EXPIRES_AT 업데이트 완료
2026-04-14 12:04:22,447 [INFO] [SystemConfig] Cafe24.REFRESH_TOKEN 업데이트 완료
2026-04-14 12:04:22,491 [INFO] [SystemConfig] Cafe24.REFRESH_TOKEN_EXPIRES_AT 업데이트 완료
2026-04-14 12:04:22,504 [INFO] [INFO] 토큰 갱신 완료 (유효기간: 7200초)
2026-04-14 12:04:22,506 [INFO] [INFO] Access Token 갱신 성공
2026-04-14 12:04:31,373 [INFO]   성공: 수집 110건, Orders I/U 0/110, Details I/U 0/148
2026-04-14 12:04:32,374 [INFO] 
[42/94] 2025-04-14 ~ 2025-04-21
2026-04-14 12:04:32,375 [INFO] [SystemConfig] DB 연결 시도 (1/3)...
2026-04-14 12:04:32,404 [INFO] [SystemConfig] 로드 완료: 54건
2026-04-14 12:04:32,405 [INFO] [SystemConfig] 카테고리: ['Cafe24', 'Sabangnet', 'General', 'MetaAdAPI', 'NaverAdAPI', 'Common', 'GoogleKeywordAPI', 'NaverKeywordAPI', 'API', 'Gemini', 'Notification', 'FrogCafe24']
2026-04-14 12:04:32,405 [INFO]   - Cafe24: ['ROLLING_DAYS', 'SLACK_ENABLED', 'SLACK_WEBHOOK_URL', 'MALL_ID', 'CLIENT_ID', 'CLIENT_SECRET', 'ACCESS_TOKEN', 'REFRESH_TOKEN', 'TOKEN_EXPIRES_AT', 'REFRESH_TOKEN_EXPIRES_AT', 'API_VERSION']
2026-04-14 12:04:32,406 [INFO]   - Sabangnet: ['ROLLING_DAYS', 'SLACK_ENABLED', 'SLACK_WEBHOOK_URL', 'COMPANY_ID', 'AUTH_KEY', 'API_URL']
2026-04-14 12:04:32,406 [INFO]   - General: ['BATCH_SIZE']
2026-04-14 12:04:32,406 [INFO]   - MetaAdAPI: ['APP_ID', 'APP_SECRET', 'ACCESS_TOKEN', 'AD_ACCOUNTS', 'SLACK_WEBHOOK_URL']
2026-04-14 12:04:32,407 [INFO]   - NaverAdAPI: ['CUSTOMER_ID', 'ACCESS_LICENSE', 'SECRET_KEY', 'TARGET_CAMPAIGN_NAME', 'SLACK_WEBHOOK_URL']
2026-04-14 12:04:32,407 [INFO]   - Common: ['USD_TO_KRW_RATE', 'SLACK_WEBHOOK_URL_SALES', 'BOK_API_KEY']
2026-04-14 12:04:32,407 [INFO]   - GoogleKeywordAPI: ['developer_token', 'client_id', 'client_secret', 'refresh_token', 'manager_customer_id', 'default_customer_id', 'SLACK_WEBHOOK_URL']
2026-04-14 12:04:32,408 [INFO]   - NaverKeywordAPI: ['customer_id', 'access_license', 'secret_key', 'SLACK_WEBHOOK_URL']
2026-04-14 12:04:32,408 [INFO]   - API: ['YOUTUBE_API_KEY']
2026-04-14 12:04:32,408 [INFO]   - Gemini: ['GEMINI_API_KEY']
2026-04-14 12:04:32,408 [INFO]   - Notification: ['SlackWebhookURL']
2026-04-14 12:04:32,409 [INFO]   - FrogCafe24: ['MALL_ID', 'CLIENT_ID', 'CLIENT_SECRET', 'ACCESS_TOKEN', 'REFRESH_TOKEN', 'API_VERSION', 'ROLLING_DAYS', 'TOKEN_EXPIRES_AT', 'REFRESH_TOKEN_EXPIRES_AT']
2026-04-14 12:04:32,409 [INFO] [INFO] SystemConfig DB에서 Access Token 로드 완료
2026-04-14 12:04:32,409 [INFO] [INFO] Refresh Token으로 Access Token 갱신 시도
2026-04-14 12:04:32,756 [INFO] [SystemConfig] Cafe24.ACCESS_TOKEN 업데이트 완료
2026-04-14 12:04:32,805 [INFO] [SystemConfig] Cafe24.TOKEN_EXPIRES_AT 업데이트 완료
2026-04-14 12:04:32,856 [INFO] [SystemConfig] Cafe24.REFRESH_TOKEN 업데이트 완료
2026-04-14 12:04:32,902 [INFO] [SystemConfig] Cafe24.REFRESH_TOKEN_EXPIRES_AT 업데이트 완료
2026-04-14 12:04:32,913 [INFO] [INFO] 토큰 갱신 완료 (유효기간: 7200초)
2026-04-14 12:04:32,914 [INFO] [INFO] Access Token 갱신 성공
2026-04-14 12:04:49,119 [INFO]   성공: 수집 211건, Orders I/U 0/211, Details I/U 0/274
2026-04-14 12:04:50,120 [INFO] 
[43/94] 2025-04-21 ~ 2025-04-28
2026-04-14 12:04:50,121 [INFO] [SystemConfig] DB 연결 시도 (1/3)...
2026-04-14 12:04:50,155 [INFO] [SystemConfig] 로드 완료: 54건
2026-04-14 12:04:50,156 [INFO] [SystemConfig] 카테고리: ['Cafe24', 'Sabangnet', 'General', 'MetaAdAPI', 'NaverAdAPI', 'Common', 'GoogleKeywordAPI', 'NaverKeywordAPI', 'API', 'Gemini', 'Notification', 'FrogCafe24']
2026-04-14 12:04:50,156 [INFO]   - Cafe24: ['ROLLING_DAYS', 'SLACK_ENABLED', 'SLACK_WEBHOOK_URL', 'MALL_ID', 'CLIENT_ID', 'CLIENT_SECRET', 'ACCESS_TOKEN', 'REFRESH_TOKEN', 'TOKEN_EXPIRES_AT', 'REFRESH_TOKEN_EXPIRES_AT', 'API_VERSION']
2026-04-14 12:04:50,156 [INFO]   - Sabangnet: ['ROLLING_DAYS', 'SLACK_ENABLED', 'SLACK_WEBHOOK_URL', 'COMPANY_ID', 'AUTH_KEY', 'API_URL']
2026-04-14 12:04:50,157 [INFO]   - General: ['BATCH_SIZE']
2026-04-14 12:04:50,157 [INFO]   - MetaAdAPI: ['APP_ID', 'APP_SECRET', 'ACCESS_TOKEN', 'AD_ACCOUNTS', 'SLACK_WEBHOOK_URL']
2026-04-14 12:04:50,157 [INFO]   - NaverAdAPI: ['CUSTOMER_ID', 'ACCESS_LICENSE', 'SECRET_KEY', 'TARGET_CAMPAIGN_NAME', 'SLACK_WEBHOOK_URL']
2026-04-14 12:04:50,157 [INFO]   - Common: ['USD_TO_KRW_RATE', 'SLACK_WEBHOOK_URL_SALES', 'BOK_API_KEY']
2026-04-14 12:04:50,158 [INFO]   - GoogleKeywordAPI: ['developer_token', 'client_id', 'client_secret', 'refresh_token', 'manager_customer_id', 'default_customer_id', 'SLACK_WEBHOOK_URL']
2026-04-14 12:04:50,158 [INFO]   - NaverKeywordAPI: ['customer_id', 'access_license', 'secret_key', 'SLACK_WEBHOOK_URL']
2026-04-14 12:04:50,158 [INFO]   - API: ['YOUTUBE_API_KEY']
2026-04-14 12:04:50,158 [INFO]   - Gemini: ['GEMINI_API_KEY']
2026-04-14 12:04:50,159 [INFO]   - Notification: ['SlackWebhookURL']
2026-04-14 12:04:50,159 [INFO]   - FrogCafe24: ['MALL_ID', 'CLIENT_ID', 'CLIENT_SECRET', 'ACCESS_TOKEN', 'REFRESH_TOKEN', 'API_VERSION', 'ROLLING_DAYS', 'TOKEN_EXPIRES_AT', 'REFRESH_TOKEN_EXPIRES_AT']
2026-04-14 12:04:50,159 [INFO] [INFO] SystemConfig DB에서 Access Token 로드 완료
2026-04-14 12:04:50,159 [INFO] [INFO] Refresh Token으로 Access Token 갱신 시도
2026-04-14 12:04:50,501 [INFO] [SystemConfig] Cafe24.ACCESS_TOKEN 업데이트 완료
2026-04-14 12:04:50,553 [INFO] [SystemConfig] Cafe24.TOKEN_EXPIRES_AT 업데이트 완료
2026-04-14 12:04:50,600 [INFO] [SystemConfig] Cafe24.REFRESH_TOKEN 업데이트 완료
2026-04-14 12:04:50,650 [INFO] [SystemConfig] Cafe24.REFRESH_TOKEN_EXPIRES_AT 업데이트 완료
2026-04-14 12:04:50,661 [INFO] [INFO] 토큰 갱신 완료 (유효기간: 7200초)
2026-04-14 12:04:50,663 [INFO] [INFO] Access Token 갱신 성공
2026-04-14 12:05:07,855 [INFO]   성공: 수집 221건, Orders I/U 0/221, Details I/U 0/326
2026-04-14 12:05:08,857 [INFO] 
[44/94] 2025-04-28 ~ 2025-05-05
2026-04-14 12:05:08,857 [INFO] [SystemConfig] DB 연결 시도 (1/3)...
2026-04-14 12:05:08,882 [INFO] [SystemConfig] 로드 완료: 54건
2026-04-14 12:05:08,882 [INFO] [SystemConfig] 카테고리: ['Cafe24', 'Sabangnet', 'General', 'MetaAdAPI', 'NaverAdAPI', 'Common', 'GoogleKeywordAPI', 'NaverKeywordAPI', 'API', 'Gemini', 'Notification', 'FrogCafe24']
2026-04-14 12:05:08,883 [INFO]   - Cafe24: ['ROLLING_DAYS', 'SLACK_ENABLED', 'SLACK_WEBHOOK_URL', 'MALL_ID', 'CLIENT_ID', 'CLIENT_SECRET', 'ACCESS_TOKEN', 'REFRESH_TOKEN', 'TOKEN_EXPIRES_AT', 'REFRESH_TOKEN_EXPIRES_AT', 'API_VERSION']
2026-04-14 12:05:08,883 [INFO]   - Sabangnet: ['ROLLING_DAYS', 'SLACK_ENABLED', 'SLACK_WEBHOOK_URL', 'COMPANY_ID', 'AUTH_KEY', 'API_URL']
2026-04-14 12:05:08,883 [INFO]   - General: ['BATCH_SIZE']
2026-04-14 12:05:08,883 [INFO]   - MetaAdAPI: ['APP_ID', 'APP_SECRET', 'ACCESS_TOKEN', 'AD_ACCOUNTS', 'SLACK_WEBHOOK_URL']
2026-04-14 12:05:08,884 [INFO]   - NaverAdAPI: ['CUSTOMER_ID', 'ACCESS_LICENSE', 'SECRET_KEY', 'TARGET_CAMPAIGN_NAME', 'SLACK_WEBHOOK_URL']
2026-04-14 12:05:08,884 [INFO]   - Common: ['USD_TO_KRW_RATE', 'SLACK_WEBHOOK_URL_SALES', 'BOK_API_KEY']
2026-04-14 12:05:08,884 [INFO]   - GoogleKeywordAPI: ['developer_token', 'client_id', 'client_secret', 'refresh_token', 'manager_customer_id', 'default_customer_id', 'SLACK_WEBHOOK_URL']
2026-04-14 12:05:08,884 [INFO]   - NaverKeywordAPI: ['customer_id', 'access_license', 'secret_key', 'SLACK_WEBHOOK_URL']
2026-04-14 12:05:08,885 [INFO]   - API: ['YOUTUBE_API_KEY']
2026-04-14 12:05:08,885 [INFO]   - Gemini: ['GEMINI_API_KEY']
2026-04-14 12:05:08,885 [INFO]   - Notification: ['SlackWebhookURL']
2026-04-14 12:05:08,885 [INFO]   - FrogCafe24: ['MALL_ID', 'CLIENT_ID', 'CLIENT_SECRET', 'ACCESS_TOKEN', 'REFRESH_TOKEN', 'API_VERSION', 'ROLLING_DAYS', 'TOKEN_EXPIRES_AT', 'REFRESH_TOKEN_EXPIRES_AT']
2026-04-14 12:05:08,886 [INFO] [INFO] SystemConfig DB에서 Access Token 로드 완료
2026-04-14 12:05:08,886 [INFO] [INFO] Refresh Token으로 Access Token 갱신 시도
2026-04-14 12:05:09,229 [INFO] [SystemConfig] Cafe24.ACCESS_TOKEN 업데이트 완료
2026-04-14 12:05:09,276 [INFO] [SystemConfig] Cafe24.TOKEN_EXPIRES_AT 업데이트 완료
2026-04-14 12:05:09,332 [INFO] [SystemConfig] Cafe24.REFRESH_TOKEN 업데이트 완료
2026-04-14 12:05:09,381 [INFO] [SystemConfig] Cafe24.REFRESH_TOKEN_EXPIRES_AT 업데이트 완료
2026-04-14 12:05:09,394 [INFO] [INFO] 토큰 갱신 완료 (유효기간: 7200초)
2026-04-14 12:05:09,396 [INFO] [INFO] Access Token 갱신 성공
2026-04-14 12:05:26,986 [INFO]   성공: 수집 219건, Orders I/U 0/219, Details I/U 0/318
2026-04-14 12:05:27,988 [INFO] 
[45/94] 2025-05-05 ~ 2025-05-12
2026-04-14 12:05:27,988 [INFO] [SystemConfig] DB 연결 시도 (1/3)...
2026-04-14 12:05:28,014 [INFO] [SystemConfig] 로드 완료: 54건
2026-04-14 12:05:28,014 [INFO] [SystemConfig] 카테고리: ['Cafe24', 'Sabangnet', 'General', 'MetaAdAPI', 'NaverAdAPI', 'Common', 'GoogleKeywordAPI', 'NaverKeywordAPI', 'API', 'Gemini', 'Notification', 'FrogCafe24']
2026-04-14 12:05:28,014 [INFO]   - Cafe24: ['ROLLING_DAYS', 'SLACK_ENABLED', 'SLACK_WEBHOOK_URL', 'MALL_ID', 'CLIENT_ID', 'CLIENT_SECRET', 'ACCESS_TOKEN', 'REFRESH_TOKEN', 'TOKEN_EXPIRES_AT', 'REFRESH_TOKEN_EXPIRES_AT', 'API_VERSION']
2026-04-14 12:05:28,014 [INFO]   - Sabangnet: ['ROLLING_DAYS', 'SLACK_ENABLED', 'SLACK_WEBHOOK_URL', 'COMPANY_ID', 'AUTH_KEY', 'API_URL']
2026-04-14 12:05:28,015 [INFO]   - General: ['BATCH_SIZE']
2026-04-14 12:05:28,015 [INFO]   - MetaAdAPI: ['APP_ID', 'APP_SECRET', 'ACCESS_TOKEN', 'AD_ACCOUNTS', 'SLACK_WEBHOOK_URL']
2026-04-14 12:05:28,015 [INFO]   - NaverAdAPI: ['CUSTOMER_ID', 'ACCESS_LICENSE', 'SECRET_KEY', 'TARGET_CAMPAIGN_NAME', 'SLACK_WEBHOOK_URL']
2026-04-14 12:05:28,016 [INFO]   - Common: ['USD_TO_KRW_RATE', 'SLACK_WEBHOOK_URL_SALES', 'BOK_API_KEY']
2026-04-14 12:05:28,016 [INFO]   - GoogleKeywordAPI: ['developer_token', 'client_id', 'client_secret', 'refresh_token', 'manager_customer_id', 'default_customer_id', 'SLACK_WEBHOOK_URL']
2026-04-14 12:05:28,016 [INFO]   - NaverKeywordAPI: ['customer_id', 'access_license', 'secret_key', 'SLACK_WEBHOOK_URL']
2026-04-14 12:05:28,016 [INFO]   - API: ['YOUTUBE_API_KEY']
2026-04-14 12:05:28,016 [INFO]   - Gemini: ['GEMINI_API_KEY']
2026-04-14 12:05:28,017 [INFO]   - Notification: ['SlackWebhookURL']
2026-04-14 12:05:28,017 [INFO]   - FrogCafe24: ['MALL_ID', 'CLIENT_ID', 'CLIENT_SECRET', 'ACCESS_TOKEN', 'REFRESH_TOKEN', 'API_VERSION', 'ROLLING_DAYS', 'TOKEN_EXPIRES_AT', 'REFRESH_TOKEN_EXPIRES_AT']
2026-04-14 12:05:28,017 [INFO] [INFO] SystemConfig DB에서 Access Token 로드 완료
2026-04-14 12:05:28,017 [INFO] [INFO] Refresh Token으로 Access Token 갱신 시도
2026-04-14 12:05:28,352 [INFO] [SystemConfig] Cafe24.ACCESS_TOKEN 업데이트 완료
2026-04-14 12:05:28,405 [INFO] [SystemConfig] Cafe24.TOKEN_EXPIRES_AT 업데이트 완료
2026-04-14 12:05:28,460 [INFO] [SystemConfig] Cafe24.REFRESH_TOKEN 업데이트 완료
2026-04-14 12:05:28,510 [INFO] [SystemConfig] Cafe24.REFRESH_TOKEN_EXPIRES_AT 업데이트 완료
2026-04-14 12:05:28,529 [INFO] [INFO] 토큰 갱신 완료 (유효기간: 7200초)
2026-04-14 12:05:28,531 [INFO] [INFO] Access Token 갱신 성공
2026-04-14 12:05:42,337 [INFO]   성공: 수집 160건, Orders I/U 0/160, Details I/U 0/272
2026-04-14 12:05:43,339 [INFO] 
[46/94] 2025-05-12 ~ 2025-05-19
2026-04-14 12:05:43,340 [INFO] [SystemConfig] DB 연결 시도 (1/3)...
2026-04-14 12:05:43,364 [INFO] [SystemConfig] 로드 완료: 54건
2026-04-14 12:05:43,364 [INFO] [SystemConfig] 카테고리: ['Cafe24', 'Sabangnet', 'General', 'MetaAdAPI', 'NaverAdAPI', 'Common', 'GoogleKeywordAPI', 'NaverKeywordAPI', 'API', 'Gemini', 'Notification', 'FrogCafe24']
2026-04-14 12:05:43,364 [INFO]   - Cafe24: ['ROLLING_DAYS', 'SLACK_ENABLED', 'SLACK_WEBHOOK_URL', 'MALL_ID', 'CLIENT_ID', 'CLIENT_SECRET', 'ACCESS_TOKEN', 'REFRESH_TOKEN', 'TOKEN_EXPIRES_AT', 'REFRESH_TOKEN_EXPIRES_AT', 'API_VERSION']
2026-04-14 12:05:43,365 [INFO]   - Sabangnet: ['ROLLING_DAYS', 'SLACK_ENABLED', 'SLACK_WEBHOOK_URL', 'COMPANY_ID', 'AUTH_KEY', 'API_URL']
2026-04-14 12:05:43,365 [INFO]   - General: ['BATCH_SIZE']
2026-04-14 12:05:43,365 [INFO]   - MetaAdAPI: ['APP_ID', 'APP_SECRET', 'ACCESS_TOKEN', 'AD_ACCOUNTS', 'SLACK_WEBHOOK_URL']
2026-04-14 12:05:43,365 [INFO]   - NaverAdAPI: ['CUSTOMER_ID', 'ACCESS_LICENSE', 'SECRET_KEY', 'TARGET_CAMPAIGN_NAME', 'SLACK_WEBHOOK_URL']
2026-04-14 12:05:43,366 [INFO]   - Common: ['USD_TO_KRW_RATE', 'SLACK_WEBHOOK_URL_SALES', 'BOK_API_KEY']
2026-04-14 12:05:43,366 [INFO]   - GoogleKeywordAPI: ['developer_token', 'client_id', 'client_secret', 'refresh_token', 'manager_customer_id', 'default_customer_id', 'SLACK_WEBHOOK_URL']
2026-04-14 12:05:43,366 [INFO]   - NaverKeywordAPI: ['customer_id', 'access_license', 'secret_key', 'SLACK_WEBHOOK_URL']
2026-04-14 12:05:43,366 [INFO]   - API: ['YOUTUBE_API_KEY']
2026-04-14 12:05:43,367 [INFO]   - Gemini: ['GEMINI_API_KEY']
2026-04-14 12:05:43,367 [INFO]   - Notification: ['SlackWebhookURL']
2026-04-14 12:05:43,367 [INFO]   - FrogCafe24: ['MALL_ID', 'CLIENT_ID', 'CLIENT_SECRET', 'ACCESS_TOKEN', 'REFRESH_TOKEN', 'API_VERSION', 'ROLLING_DAYS', 'TOKEN_EXPIRES_AT', 'REFRESH_TOKEN_EXPIRES_AT']
2026-04-14 12:05:43,367 [INFO] [INFO] SystemConfig DB에서 Access Token 로드 완료
2026-04-14 12:05:43,368 [INFO] [INFO] Refresh Token으로 Access Token 갱신 시도
2026-04-14 12:05:43,708 [INFO] [SystemConfig] Cafe24.ACCESS_TOKEN 업데이트 완료
2026-04-14 12:05:43,759 [INFO] [SystemConfig] Cafe24.TOKEN_EXPIRES_AT 업데이트 완료
2026-04-14 12:05:43,812 [INFO] [SystemConfig] Cafe24.REFRESH_TOKEN 업데이트 완료
2026-04-14 12:05:43,870 [INFO] [SystemConfig] Cafe24.REFRESH_TOKEN_EXPIRES_AT 업데이트 완료
2026-04-14 12:05:43,881 [INFO] [INFO] 토큰 갱신 완료 (유효기간: 7200초)
2026-04-14 12:05:43,882 [INFO] [INFO] Access Token 갱신 성공
2026-04-14 12:05:57,975 [INFO]   성공: 수집 137건, Orders I/U 0/137, Details I/U 0/260
2026-04-14 12:05:58,977 [INFO] 
[47/94] 2025-05-19 ~ 2025-05-26
2026-04-14 12:05:58,978 [INFO] [SystemConfig] DB 연결 시도 (1/3)...
2026-04-14 12:05:59,004 [INFO] [SystemConfig] 로드 완료: 54건
2026-04-14 12:05:59,004 [INFO] [SystemConfig] 카테고리: ['Cafe24', 'Sabangnet', 'General', 'MetaAdAPI', 'NaverAdAPI', 'Common', 'GoogleKeywordAPI', 'NaverKeywordAPI', 'API', 'Gemini', 'Notification', 'FrogCafe24']
2026-04-14 12:05:59,004 [INFO]   - Cafe24: ['ROLLING_DAYS', 'SLACK_ENABLED', 'SLACK_WEBHOOK_URL', 'MALL_ID', 'CLIENT_ID', 'CLIENT_SECRET', 'ACCESS_TOKEN', 'REFRESH_TOKEN', 'TOKEN_EXPIRES_AT', 'REFRESH_TOKEN_EXPIRES_AT', 'API_VERSION']
2026-04-14 12:05:59,005 [INFO]   - Sabangnet: ['ROLLING_DAYS', 'SLACK_ENABLED', 'SLACK_WEBHOOK_URL', 'COMPANY_ID', 'AUTH_KEY', 'API_URL']
2026-04-14 12:05:59,005 [INFO]   - General: ['BATCH_SIZE']
2026-04-14 12:05:59,005 [INFO]   - MetaAdAPI: ['APP_ID', 'APP_SECRET', 'ACCESS_TOKEN', 'AD_ACCOUNTS', 'SLACK_WEBHOOK_URL']
2026-04-14 12:05:59,005 [INFO]   - NaverAdAPI: ['CUSTOMER_ID', 'ACCESS_LICENSE', 'SECRET_KEY', 'TARGET_CAMPAIGN_NAME', 'SLACK_WEBHOOK_URL']
2026-04-14 12:05:59,005 [INFO]   - Common: ['USD_TO_KRW_RATE', 'SLACK_WEBHOOK_URL_SALES', 'BOK_API_KEY']
2026-04-14 12:05:59,006 [INFO]   - GoogleKeywordAPI: ['developer_token', 'client_id', 'client_secret', 'refresh_token', 'manager_customer_id', 'default_customer_id', 'SLACK_WEBHOOK_URL']
2026-04-14 12:05:59,006 [INFO]   - NaverKeywordAPI: ['customer_id', 'access_license', 'secret_key', 'SLACK_WEBHOOK_URL']
2026-04-14 12:05:59,006 [INFO]   - API: ['YOUTUBE_API_KEY']
2026-04-14 12:05:59,006 [INFO]   - Gemini: ['GEMINI_API_KEY']
2026-04-14 12:05:59,006 [INFO]   - Notification: ['SlackWebhookURL']
2026-04-14 12:05:59,007 [INFO]   - FrogCafe24: ['MALL_ID', 'CLIENT_ID', 'CLIENT_SECRET', 'ACCESS_TOKEN', 'REFRESH_TOKEN', 'API_VERSION', 'ROLLING_DAYS', 'TOKEN_EXPIRES_AT', 'REFRESH_TOKEN_EXPIRES_AT']
2026-04-14 12:05:59,007 [INFO] [INFO] SystemConfig DB에서 Access Token 로드 완료
2026-04-14 12:05:59,007 [INFO] [INFO] Refresh Token으로 Access Token 갱신 시도
2026-04-14 12:05:59,361 [INFO] [SystemConfig] Cafe24.ACCESS_TOKEN 업데이트 완료
2026-04-14 12:05:59,410 [INFO] [SystemConfig] Cafe24.TOKEN_EXPIRES_AT 업데이트 완료
2026-04-14 12:05:59,454 [INFO] [SystemConfig] Cafe24.REFRESH_TOKEN 업데이트 완료
2026-04-14 12:05:59,506 [INFO] [SystemConfig] Cafe24.REFRESH_TOKEN_EXPIRES_AT 업데이트 완료
2026-04-14 12:05:59,522 [INFO] [INFO] 토큰 갱신 완료 (유효기간: 7200초)
2026-04-14 12:05:59,524 [INFO] [INFO] Access Token 갱신 성공
2026-04-14 12:06:11,943 [INFO]   성공: 수집 128건, Orders I/U 0/128, Details I/U 0/251
2026-04-14 12:06:12,945 [INFO] 
[48/94] 2025-05-26 ~ 2025-06-02
2026-04-14 12:06:12,945 [INFO] [SystemConfig] DB 연결 시도 (1/3)...
2026-04-14 12:06:12,971 [INFO] [SystemConfig] 로드 완료: 54건
2026-04-14 12:06:12,972 [INFO] [SystemConfig] 카테고리: ['Cafe24', 'Sabangnet', 'General', 'MetaAdAPI', 'NaverAdAPI', 'Common', 'GoogleKeywordAPI', 'NaverKeywordAPI', 'API', 'Gemini', 'Notification', 'FrogCafe24']
2026-04-14 12:06:12,972 [INFO]   - Cafe24: ['ROLLING_DAYS', 'SLACK_ENABLED', 'SLACK_WEBHOOK_URL', 'MALL_ID', 'CLIENT_ID', 'CLIENT_SECRET', 'ACCESS_TOKEN', 'REFRESH_TOKEN', 'TOKEN_EXPIRES_AT', 'REFRESH_TOKEN_EXPIRES_AT', 'API_VERSION']
2026-04-14 12:06:12,972 [INFO]   - Sabangnet: ['ROLLING_DAYS', 'SLACK_ENABLED', 'SLACK_WEBHOOK_URL', 'COMPANY_ID', 'AUTH_KEY', 'API_URL']
2026-04-14 12:06:12,972 [INFO]   - General: ['BATCH_SIZE']
2026-04-14 12:06:12,973 [INFO]   - MetaAdAPI: ['APP_ID', 'APP_SECRET', 'ACCESS_TOKEN', 'AD_ACCOUNTS', 'SLACK_WEBHOOK_URL']
2026-04-14 12:06:12,973 [INFO]   - NaverAdAPI: ['CUSTOMER_ID', 'ACCESS_LICENSE', 'SECRET_KEY', 'TARGET_CAMPAIGN_NAME', 'SLACK_WEBHOOK_URL']
2026-04-14 12:06:12,973 [INFO]   - Common: ['USD_TO_KRW_RATE', 'SLACK_WEBHOOK_URL_SALES', 'BOK_API_KEY']
2026-04-14 12:06:12,973 [INFO]   - GoogleKeywordAPI: ['developer_token', 'client_id', 'client_secret', 'refresh_token', 'manager_customer_id', 'default_customer_id', 'SLACK_WEBHOOK_URL']
2026-04-14 12:06:12,973 [INFO]   - NaverKeywordAPI: ['customer_id', 'access_license', 'secret_key', 'SLACK_WEBHOOK_URL']
2026-04-14 12:06:12,973 [INFO]   - API: ['YOUTUBE_API_KEY']
2026-04-14 12:06:12,973 [INFO]   - Gemini: ['GEMINI_API_KEY']
2026-04-14 12:06:12,974 [INFO]   - Notification: ['SlackWebhookURL']
2026-04-14 12:06:12,974 [INFO]   - FrogCafe24: ['MALL_ID', 'CLIENT_ID', 'CLIENT_SECRET', 'ACCESS_TOKEN', 'REFRESH_TOKEN', 'API_VERSION', 'ROLLING_DAYS', 'TOKEN_EXPIRES_AT', 'REFRESH_TOKEN_EXPIRES_AT']
2026-04-14 12:06:12,974 [INFO] [INFO] SystemConfig DB에서 Access Token 로드 완료
2026-04-14 12:06:12,974 [INFO] [INFO] Refresh Token으로 Access Token 갱신 시도
2026-04-14 12:06:13,329 [INFO] [SystemConfig] Cafe24.ACCESS_TOKEN 업데이트 완료
2026-04-14 12:06:13,375 [INFO] [SystemConfig] Cafe24.TOKEN_EXPIRES_AT 업데이트 완료
2026-04-14 12:06:13,422 [INFO] [SystemConfig] Cafe24.REFRESH_TOKEN 업데이트 완료
2026-04-14 12:06:13,465 [INFO] [SystemConfig] Cafe24.REFRESH_TOKEN_EXPIRES_AT 업데이트 완료
2026-04-14 12:06:13,476 [INFO] [INFO] 토큰 갱신 완료 (유효기간: 7200초)
2026-04-14 12:06:13,477 [INFO] [INFO] Access Token 갱신 성공
2026-04-14 12:06:31,459 [INFO]   성공: 수집 207건, Orders I/U 0/207, Details I/U 0/422
2026-04-14 12:06:32,460 [INFO] 
[49/94] 2025-06-02 ~ 2025-06-09
2026-04-14 12:06:32,461 [INFO] [SystemConfig] DB 연결 시도 (1/3)...
2026-04-14 12:06:32,485 [INFO] [SystemConfig] 로드 완료: 54건
2026-04-14 12:06:32,486 [INFO] [SystemConfig] 카테고리: ['Cafe24', 'Sabangnet', 'General', 'MetaAdAPI', 'NaverAdAPI', 'Common', 'GoogleKeywordAPI', 'NaverKeywordAPI', 'API', 'Gemini', 'Notification', 'FrogCafe24']
2026-04-14 12:06:32,486 [INFO]   - Cafe24: ['ROLLING_DAYS', 'SLACK_ENABLED', 'SLACK_WEBHOOK_URL', 'MALL_ID', 'CLIENT_ID', 'CLIENT_SECRET', 'ACCESS_TOKEN', 'REFRESH_TOKEN', 'TOKEN_EXPIRES_AT', 'REFRESH_TOKEN_EXPIRES_AT', 'API_VERSION']
2026-04-14 12:06:32,486 [INFO]   - Sabangnet: ['ROLLING_DAYS', 'SLACK_ENABLED', 'SLACK_WEBHOOK_URL', 'COMPANY_ID', 'AUTH_KEY', 'API_URL']
2026-04-14 12:06:32,486 [INFO]   - General: ['BATCH_SIZE']
2026-04-14 12:06:32,487 [INFO]   - MetaAdAPI: ['APP_ID', 'APP_SECRET', 'ACCESS_TOKEN', 'AD_ACCOUNTS', 'SLACK_WEBHOOK_URL']
2026-04-14 12:06:32,487 [INFO]   - NaverAdAPI: ['CUSTOMER_ID', 'ACCESS_LICENSE', 'SECRET_KEY', 'TARGET_CAMPAIGN_NAME', 'SLACK_WEBHOOK_URL']
2026-04-14 12:06:32,487 [INFO]   - Common: ['USD_TO_KRW_RATE', 'SLACK_WEBHOOK_URL_SALES', 'BOK_API_KEY']
2026-04-14 12:06:32,487 [INFO]   - GoogleKeywordAPI: ['developer_token', 'client_id', 'client_secret', 'refresh_token', 'manager_customer_id', 'default_customer_id', 'SLACK_WEBHOOK_URL']
2026-04-14 12:06:32,488 [INFO]   - NaverKeywordAPI: ['customer_id', 'access_license', 'secret_key', 'SLACK_WEBHOOK_URL']
2026-04-14 12:06:32,488 [INFO]   - API: ['YOUTUBE_API_KEY']
2026-04-14 12:06:32,488 [INFO]   - Gemini: ['GEMINI_API_KEY']
2026-04-14 12:06:32,489 [INFO]   - Notification: ['SlackWebhookURL']
2026-04-14 12:06:32,489 [INFO]   - FrogCafe24: ['MALL_ID', 'CLIENT_ID', 'CLIENT_SECRET', 'ACCESS_TOKEN', 'REFRESH_TOKEN', 'API_VERSION', 'ROLLING_DAYS', 'TOKEN_EXPIRES_AT', 'REFRESH_TOKEN_EXPIRES_AT']
2026-04-14 12:06:32,489 [INFO] [INFO] SystemConfig DB에서 Access Token 로드 완료
2026-04-14 12:06:32,489 [INFO] [INFO] Refresh Token으로 Access Token 갱신 시도
2026-04-14 12:06:32,839 [INFO] [SystemConfig] Cafe24.ACCESS_TOKEN 업데이트 완료
2026-04-14 12:06:32,885 [INFO] [SystemConfig] Cafe24.TOKEN_EXPIRES_AT 업데이트 완료
2026-04-14 12:06:32,938 [INFO] [SystemConfig] Cafe24.REFRESH_TOKEN 업데이트 완료
2026-04-14 12:06:32,984 [INFO] [SystemConfig] Cafe24.REFRESH_TOKEN_EXPIRES_AT 업데이트 완료
2026-04-14 12:06:32,995 [INFO] [INFO] 토큰 갱신 완료 (유효기간: 7200초)
2026-04-14 12:06:32,996 [INFO] [INFO] Access Token 갱신 성공
2026-04-14 12:06:56,981 [INFO]   성공: 수집 263건, Orders I/U 0/263, Details I/U 0/518
2026-04-14 12:06:57,983 [INFO] 
[50/94] 2025-06-09 ~ 2025-06-16
2026-04-14 12:06:57,983 [INFO] [SystemConfig] DB 연결 시도 (1/3)...
2026-04-14 12:06:58,023 [INFO] [SystemConfig] 로드 완료: 54건
2026-04-14 12:06:58,023 [INFO] [SystemConfig] 카테고리: ['Cafe24', 'Sabangnet', 'General', 'MetaAdAPI', 'NaverAdAPI', 'Common', 'GoogleKeywordAPI', 'NaverKeywordAPI', 'API', 'Gemini', 'Notification', 'FrogCafe24']
2026-04-14 12:06:58,024 [INFO]   - Cafe24: ['ROLLING_DAYS', 'SLACK_ENABLED', 'SLACK_WEBHOOK_URL', 'MALL_ID', 'CLIENT_ID', 'CLIENT_SECRET', 'ACCESS_TOKEN', 'REFRESH_TOKEN', 'TOKEN_EXPIRES_AT', 'REFRESH_TOKEN_EXPIRES_AT', 'API_VERSION']
2026-04-14 12:06:58,024 [INFO]   - Sabangnet: ['ROLLING_DAYS', 'SLACK_ENABLED', 'SLACK_WEBHOOK_URL', 'COMPANY_ID', 'AUTH_KEY', 'API_URL']
2026-04-14 12:06:58,024 [INFO]   - General: ['BATCH_SIZE']
2026-04-14 12:06:58,025 [INFO]   - MetaAdAPI: ['APP_ID', 'APP_SECRET', 'ACCESS_TOKEN', 'AD_ACCOUNTS', 'SLACK_WEBHOOK_URL']
2026-04-14 12:06:58,025 [INFO]   - NaverAdAPI: ['CUSTOMER_ID', 'ACCESS_LICENSE', 'SECRET_KEY', 'TARGET_CAMPAIGN_NAME', 'SLACK_WEBHOOK_URL']
2026-04-14 12:06:58,025 [INFO]   - Common: ['USD_TO_KRW_RATE', 'SLACK_WEBHOOK_URL_SALES', 'BOK_API_KEY']
2026-04-14 12:06:58,025 [INFO]   - GoogleKeywordAPI: ['developer_token', 'client_id', 'client_secret', 'refresh_token', 'manager_customer_id', 'default_customer_id', 'SLACK_WEBHOOK_URL']
2026-04-14 12:06:58,026 [INFO]   - NaverKeywordAPI: ['customer_id', 'access_license', 'secret_key', 'SLACK_WEBHOOK_URL']
2026-04-14 12:06:58,026 [INFO]   - API: ['YOUTUBE_API_KEY']
2026-04-14 12:06:58,026 [INFO]   - Gemini: ['GEMINI_API_KEY']
2026-04-14 12:06:58,026 [INFO]   - Notification: ['SlackWebhookURL']
2026-04-14 12:06:58,029 [INFO]   - FrogCafe24: ['MALL_ID', 'CLIENT_ID', 'CLIENT_SECRET', 'ACCESS_TOKEN', 'REFRESH_TOKEN', 'API_VERSION', 'ROLLING_DAYS', 'TOKEN_EXPIRES_AT', 'REFRESH_TOKEN_EXPIRES_AT']
2026-04-14 12:06:58,029 [INFO] [INFO] SystemConfig DB에서 Access Token 로드 완료
2026-04-14 12:06:58,030 [INFO] [INFO] Refresh Token으로 Access Token 갱신 시도
2026-04-14 12:06:58,404 [INFO] [SystemConfig] Cafe24.ACCESS_TOKEN 업데이트 완료
2026-04-14 12:06:58,466 [INFO] [SystemConfig] Cafe24.TOKEN_EXPIRES_AT 업데이트 완료
2026-04-14 12:06:58,545 [INFO] [SystemConfig] Cafe24.REFRESH_TOKEN 업데이트 완료
2026-04-14 12:06:58,613 [INFO] [SystemConfig] Cafe24.REFRESH_TOKEN_EXPIRES_AT 업데이트 완료
2026-04-14 12:06:58,629 [INFO] [INFO] 토큰 갱신 완료 (유효기간: 7200초)
2026-04-14 12:06:58,630 [INFO] [INFO] Access Token 갱신 성공
2026-04-14 12:07:17,768 [INFO]   성공: 수집 184건, Orders I/U 0/184, Details I/U 0/374
2026-04-14 12:07:18,769 [INFO] 
[51/94] 2025-06-16 ~ 2025-06-23
2026-04-14 12:07:18,770 [INFO] [SystemConfig] DB 연결 시도 (1/3)...
2026-04-14 12:07:18,797 [INFO] [SystemConfig] 로드 완료: 54건
2026-04-14 12:07:18,797 [INFO] [SystemConfig] 카테고리: ['Cafe24', 'Sabangnet', 'General', 'MetaAdAPI', 'NaverAdAPI', 'Common', 'GoogleKeywordAPI', 'NaverKeywordAPI', 'API', 'Gemini', 'Notification', 'FrogCafe24']
2026-04-14 12:07:18,797 [INFO]   - Cafe24: ['ROLLING_DAYS', 'SLACK_ENABLED', 'SLACK_WEBHOOK_URL', 'MALL_ID', 'CLIENT_ID', 'CLIENT_SECRET', 'ACCESS_TOKEN', 'REFRESH_TOKEN', 'TOKEN_EXPIRES_AT', 'REFRESH_TOKEN_EXPIRES_AT', 'API_VERSION']
2026-04-14 12:07:18,798 [INFO]   - Sabangnet: ['ROLLING_DAYS', 'SLACK_ENABLED', 'SLACK_WEBHOOK_URL', 'COMPANY_ID', 'AUTH_KEY', 'API_URL']
2026-04-14 12:07:18,798 [INFO]   - General: ['BATCH_SIZE']
2026-04-14 12:07:18,798 [INFO]   - MetaAdAPI: ['APP_ID', 'APP_SECRET', 'ACCESS_TOKEN', 'AD_ACCOUNTS', 'SLACK_WEBHOOK_URL']
2026-04-14 12:07:18,799 [INFO]   - NaverAdAPI: ['CUSTOMER_ID', 'ACCESS_LICENSE', 'SECRET_KEY', 'TARGET_CAMPAIGN_NAME', 'SLACK_WEBHOOK_URL']
2026-04-14 12:07:18,799 [INFO]   - Common: ['USD_TO_KRW_RATE', 'SLACK_WEBHOOK_URL_SALES', 'BOK_API_KEY']
2026-04-14 12:07:18,799 [INFO]   - GoogleKeywordAPI: ['developer_token', 'client_id', 'client_secret', 'refresh_token', 'manager_customer_id', 'default_customer_id', 'SLACK_WEBHOOK_URL']
2026-04-14 12:07:18,799 [INFO]   - NaverKeywordAPI: ['customer_id', 'access_license', 'secret_key', 'SLACK_WEBHOOK_URL']
2026-04-14 12:07:18,799 [INFO]   - API: ['YOUTUBE_API_KEY']
2026-04-14 12:07:18,800 [INFO]   - Gemini: ['GEMINI_API_KEY']
2026-04-14 12:07:18,800 [INFO]   - Notification: ['SlackWebhookURL']
2026-04-14 12:07:18,800 [INFO]   - FrogCafe24: ['MALL_ID', 'CLIENT_ID', 'CLIENT_SECRET', 'ACCESS_TOKEN', 'REFRESH_TOKEN', 'API_VERSION', 'ROLLING_DAYS', 'TOKEN_EXPIRES_AT', 'REFRESH_TOKEN_EXPIRES_AT']
2026-04-14 12:07:18,800 [INFO] [INFO] SystemConfig DB에서 Access Token 로드 완료
2026-04-14 12:07:18,801 [INFO] [INFO] Refresh Token으로 Access Token 갱신 시도
2026-04-14 12:07:19,144 [INFO] [SystemConfig] Cafe24.ACCESS_TOKEN 업데이트 완료
2026-04-14 12:07:19,193 [INFO] [SystemConfig] Cafe24.TOKEN_EXPIRES_AT 업데이트 완료
2026-04-14 12:07:19,242 [INFO] [SystemConfig] Cafe24.REFRESH_TOKEN 업데이트 완료
2026-04-14 12:07:19,289 [INFO] [SystemConfig] Cafe24.REFRESH_TOKEN_EXPIRES_AT 업데이트 완료
2026-04-14 12:07:19,303 [INFO] [INFO] 토큰 갱신 완료 (유효기간: 7200초)
2026-04-14 12:07:19,305 [INFO] [INFO] Access Token 갱신 성공
2026-04-14 12:07:44,995 [INFO]   성공: 수집 263건, Orders I/U 0/263, Details I/U 0/598
2026-04-14 12:07:45,996 [INFO] 
[52/94] 2025-06-23 ~ 2025-06-30
2026-04-14 12:07:45,997 [INFO] [SystemConfig] DB 연결 시도 (1/3)...
2026-04-14 12:07:46,121 [INFO] [SystemConfig] 로드 완료: 54건
2026-04-14 12:07:46,121 [INFO] [SystemConfig] 카테고리: ['Cafe24', 'Sabangnet', 'General', 'MetaAdAPI', 'NaverAdAPI', 'Common', 'GoogleKeywordAPI', 'NaverKeywordAPI', 'API', 'Gemini', 'Notification', 'FrogCafe24']
2026-04-14 12:07:46,121 [INFO]   - Cafe24: ['ROLLING_DAYS', 'SLACK_ENABLED', 'SLACK_WEBHOOK_URL', 'MALL_ID', 'CLIENT_ID', 'CLIENT_SECRET', 'ACCESS_TOKEN', 'REFRESH_TOKEN', 'TOKEN_EXPIRES_AT', 'REFRESH_TOKEN_EXPIRES_AT', 'API_VERSION']
2026-04-14 12:07:46,122 [INFO]   - Sabangnet: ['ROLLING_DAYS', 'SLACK_ENABLED', 'SLACK_WEBHOOK_URL', 'COMPANY_ID', 'AUTH_KEY', 'API_URL']
2026-04-14 12:07:46,122 [INFO]   - General: ['BATCH_SIZE']
2026-04-14 12:07:46,122 [INFO]   - MetaAdAPI: ['APP_ID', 'APP_SECRET', 'ACCESS_TOKEN', 'AD_ACCOUNTS', 'SLACK_WEBHOOK_URL']
2026-04-14 12:07:46,123 [INFO]   - NaverAdAPI: ['CUSTOMER_ID', 'ACCESS_LICENSE', 'SECRET_KEY', 'TARGET_CAMPAIGN_NAME', 'SLACK_WEBHOOK_URL']
2026-04-14 12:07:46,123 [INFO]   - Common: ['USD_TO_KRW_RATE', 'SLACK_WEBHOOK_URL_SALES', 'BOK_API_KEY']
2026-04-14 12:07:46,123 [INFO]   - GoogleKeywordAPI: ['developer_token', 'client_id', 'client_secret', 'refresh_token', 'manager_customer_id', 'default_customer_id', 'SLACK_WEBHOOK_URL']
2026-04-14 12:07:46,124 [INFO]   - NaverKeywordAPI: ['customer_id', 'access_license', 'secret_key', 'SLACK_WEBHOOK_URL']
2026-04-14 12:07:46,124 [INFO]   - API: ['YOUTUBE_API_KEY']
2026-04-14 12:07:46,124 [INFO]   - Gemini: ['GEMINI_API_KEY']
2026-04-14 12:07:46,124 [INFO]   - Notification: ['SlackWebhookURL']
2026-04-14 12:07:46,125 [INFO]   - FrogCafe24: ['MALL_ID', 'CLIENT_ID', 'CLIENT_SECRET', 'ACCESS_TOKEN', 'REFRESH_TOKEN', 'API_VERSION', 'ROLLING_DAYS', 'TOKEN_EXPIRES_AT', 'REFRESH_TOKEN_EXPIRES_AT']
2026-04-14 12:07:46,125 [INFO] [INFO] SystemConfig DB에서 Access Token 로드 완료
2026-04-14 12:07:46,125 [INFO] [INFO] Refresh Token으로 Access Token 갱신 시도
2026-04-14 12:07:46,457 [INFO] [SystemConfig] Cafe24.ACCESS_TOKEN 업데이트 완료
2026-04-14 12:07:46,510 [INFO] [SystemConfig] Cafe24.TOKEN_EXPIRES_AT 업데이트 완료
2026-04-14 12:07:46,552 [INFO] [SystemConfig] Cafe24.REFRESH_TOKEN 업데이트 완료
2026-04-14 12:07:46,604 [INFO] [SystemConfig] Cafe24.REFRESH_TOKEN_EXPIRES_AT 업데이트 완료
2026-04-14 12:07:46,615 [INFO] [INFO] 토큰 갱신 완료 (유효기간: 7200초)
2026-04-14 12:07:46,617 [INFO] [INFO] Access Token 갱신 성공
2026-04-14 12:10:30,735 [INFO]   성공: 수집 2152건, Orders I/U 0/2152, Details I/U 0/2880
2026-04-14 12:10:31,737 [INFO] 
[53/94] 2025-06-30 ~ 2025-07-07
2026-04-14 12:10:31,737 [INFO] [SystemConfig] DB 연결 시도 (1/3)...
2026-04-14 12:10:31,768 [INFO] [SystemConfig] 로드 완료: 54건
2026-04-14 12:10:31,769 [INFO] [SystemConfig] 카테고리: ['Cafe24', 'Sabangnet', 'General', 'MetaAdAPI', 'NaverAdAPI', 'Common', 'GoogleKeywordAPI', 'NaverKeywordAPI', 'API', 'Gemini', 'Notification', 'FrogCafe24']
2026-04-14 12:10:31,769 [INFO]   - Cafe24: ['ROLLING_DAYS', 'SLACK_ENABLED', 'SLACK_WEBHOOK_URL', 'MALL_ID', 'CLIENT_ID', 'CLIENT_SECRET', 'ACCESS_TOKEN', 'REFRESH_TOKEN', 'TOKEN_EXPIRES_AT', 'REFRESH_TOKEN_EXPIRES_AT', 'API_VERSION']
2026-04-14 12:10:31,769 [INFO]   - Sabangnet: ['ROLLING_DAYS', 'SLACK_ENABLED', 'SLACK_WEBHOOK_URL', 'COMPANY_ID', 'AUTH_KEY', 'API_URL']
2026-04-14 12:10:31,770 [INFO]   - General: ['BATCH_SIZE']
2026-04-14 12:10:31,770 [INFO]   - MetaAdAPI: ['APP_ID', 'APP_SECRET', 'ACCESS_TOKEN', 'AD_ACCOUNTS', 'SLACK_WEBHOOK_URL']
2026-04-14 12:10:31,770 [INFO]   - NaverAdAPI: ['CUSTOMER_ID', 'ACCESS_LICENSE', 'SECRET_KEY', 'TARGET_CAMPAIGN_NAME', 'SLACK_WEBHOOK_URL']
2026-04-14 12:10:31,770 [INFO]   - Common: ['USD_TO_KRW_RATE', 'SLACK_WEBHOOK_URL_SALES', 'BOK_API_KEY']
2026-04-14 12:10:31,771 [INFO]   - GoogleKeywordAPI: ['developer_token', 'client_id', 'client_secret', 'refresh_token', 'manager_customer_id', 'default_customer_id', 'SLACK_WEBHOOK_URL']
2026-04-14 12:10:31,771 [INFO]   - NaverKeywordAPI: ['customer_id', 'access_license', 'secret_key', 'SLACK_WEBHOOK_URL']
2026-04-14 12:10:31,771 [INFO]   - API: ['YOUTUBE_API_KEY']
2026-04-14 12:10:31,771 [INFO]   - Gemini: ['GEMINI_API_KEY']
2026-04-14 12:10:31,772 [INFO]   - Notification: ['SlackWebhookURL']
2026-04-14 12:10:31,772 [INFO]   - FrogCafe24: ['MALL_ID', 'CLIENT_ID', 'CLIENT_SECRET', 'ACCESS_TOKEN', 'REFRESH_TOKEN', 'API_VERSION', 'ROLLING_DAYS', 'TOKEN_EXPIRES_AT', 'REFRESH_TOKEN_EXPIRES_AT']
2026-04-14 12:10:31,772 [INFO] [INFO] SystemConfig DB에서 Access Token 로드 완료
2026-04-14 12:10:31,772 [INFO] [INFO] Refresh Token으로 Access Token 갱신 시도
2026-04-14 12:10:32,104 [INFO] [SystemConfig] Cafe24.ACCESS_TOKEN 업데이트 완료
2026-04-14 12:10:32,153 [INFO] [SystemConfig] Cafe24.TOKEN_EXPIRES_AT 업데이트 완료
2026-04-14 12:10:32,209 [INFO] [SystemConfig] Cafe24.REFRESH_TOKEN 업데이트 완료
2026-04-14 12:10:32,256 [INFO] [SystemConfig] Cafe24.REFRESH_TOKEN_EXPIRES_AT 업데이트 완료
2026-04-14 12:10:32,268 [INFO] [INFO] 토큰 갱신 완료 (유효기간: 7200초)
2026-04-14 12:10:32,269 [INFO] [INFO] Access Token 갱신 성공
2026-04-14 12:12:04,113 [INFO]   성공: 수집 1100건, Orders I/U 0/1100, Details I/U 0/1812
2026-04-14 12:12:05,116 [INFO] 
[54/94] 2025-07-07 ~ 2025-07-14
2026-04-14 12:12:05,116 [INFO] [SystemConfig] DB 연결 시도 (1/3)...
2026-04-14 12:12:05,140 [INFO] [SystemConfig] 로드 완료: 54건
2026-04-14 12:12:05,141 [INFO] [SystemConfig] 카테고리: ['Cafe24', 'Sabangnet', 'General', 'MetaAdAPI', 'NaverAdAPI', 'Common', 'GoogleKeywordAPI', 'NaverKeywordAPI', 'API', 'Gemini', 'Notification', 'FrogCafe24']
2026-04-14 12:12:05,141 [INFO]   - Cafe24: ['ROLLING_DAYS', 'SLACK_ENABLED', 'SLACK_WEBHOOK_URL', 'MALL_ID', 'CLIENT_ID', 'CLIENT_SECRET', 'ACCESS_TOKEN', 'REFRESH_TOKEN', 'TOKEN_EXPIRES_AT', 'REFRESH_TOKEN_EXPIRES_AT', 'API_VERSION']
2026-04-14 12:12:05,141 [INFO]   - Sabangnet: ['ROLLING_DAYS', 'SLACK_ENABLED', 'SLACK_WEBHOOK_URL', 'COMPANY_ID', 'AUTH_KEY', 'API_URL']
2026-04-14 12:12:05,142 [INFO]   - General: ['BATCH_SIZE']
2026-04-14 12:12:05,142 [INFO]   - MetaAdAPI: ['APP_ID', 'APP_SECRET', 'ACCESS_TOKEN', 'AD_ACCOUNTS', 'SLACK_WEBHOOK_URL']
2026-04-14 12:12:05,143 [INFO]   - NaverAdAPI: ['CUSTOMER_ID', 'ACCESS_LICENSE', 'SECRET_KEY', 'TARGET_CAMPAIGN_NAME', 'SLACK_WEBHOOK_URL']
2026-04-14 12:12:05,143 [INFO]   - Common: ['USD_TO_KRW_RATE', 'SLACK_WEBHOOK_URL_SALES', 'BOK_API_KEY']
2026-04-14 12:12:05,143 [INFO]   - GoogleKeywordAPI: ['developer_token', 'client_id', 'client_secret', 'refresh_token', 'manager_customer_id', 'default_customer_id', 'SLACK_WEBHOOK_URL']
2026-04-14 12:12:05,144 [INFO]   - NaverKeywordAPI: ['customer_id', 'access_license', 'secret_key', 'SLACK_WEBHOOK_URL']
2026-04-14 12:12:05,144 [INFO]   - API: ['YOUTUBE_API_KEY']
2026-04-14 12:12:05,144 [INFO]   - Gemini: ['GEMINI_API_KEY']
2026-04-14 12:12:05,144 [INFO]   - Notification: ['SlackWebhookURL']
2026-04-14 12:12:05,145 [INFO]   - FrogCafe24: ['MALL_ID', 'CLIENT_ID', 'CLIENT_SECRET', 'ACCESS_TOKEN', 'REFRESH_TOKEN', 'API_VERSION', 'ROLLING_DAYS', 'TOKEN_EXPIRES_AT', 'REFRESH_TOKEN_EXPIRES_AT']
2026-04-14 12:12:05,145 [INFO] [INFO] SystemConfig DB에서 Access Token 로드 완료
2026-04-14 12:12:05,145 [INFO] [INFO] Refresh Token으로 Access Token 갱신 시도
2026-04-14 12:12:05,501 [INFO] [SystemConfig] Cafe24.ACCESS_TOKEN 업데이트 완료
2026-04-14 12:12:05,548 [INFO] [SystemConfig] Cafe24.TOKEN_EXPIRES_AT 업데이트 완료
2026-04-14 12:12:05,594 [INFO] [SystemConfig] Cafe24.REFRESH_TOKEN 업데이트 완료
2026-04-14 12:12:05,639 [INFO] [SystemConfig] Cafe24.REFRESH_TOKEN_EXPIRES_AT 업데이트 완료
2026-04-14 12:12:05,655 [INFO] [INFO] 토큰 갱신 완료 (유효기간: 7200초)
2026-04-14 12:12:05,656 [INFO] [INFO] Access Token 갱신 성공
2026-04-14 12:12:46,250 [INFO]   성공: 수집 431건, Orders I/U 0/431, Details I/U 0/915
2026-04-14 12:12:47,252 [INFO] 
[55/94] 2025-07-14 ~ 2025-07-21
2026-04-14 12:12:47,252 [INFO] [SystemConfig] DB 연결 시도 (1/3)...
2026-04-14 12:12:47,279 [INFO] [SystemConfig] 로드 완료: 54건
2026-04-14 12:12:47,280 [INFO] [SystemConfig] 카테고리: ['Cafe24', 'Sabangnet', 'General', 'MetaAdAPI', 'NaverAdAPI', 'Common', 'GoogleKeywordAPI', 'NaverKeywordAPI', 'API', 'Gemini', 'Notification', 'FrogCafe24']
2026-04-14 12:12:47,280 [INFO]   - Cafe24: ['ROLLING_DAYS', 'SLACK_ENABLED', 'SLACK_WEBHOOK_URL', 'MALL_ID', 'CLIENT_ID', 'CLIENT_SECRET', 'ACCESS_TOKEN', 'REFRESH_TOKEN', 'TOKEN_EXPIRES_AT', 'REFRESH_TOKEN_EXPIRES_AT', 'API_VERSION']
2026-04-14 12:12:47,280 [INFO]   - Sabangnet: ['ROLLING_DAYS', 'SLACK_ENABLED', 'SLACK_WEBHOOK_URL', 'COMPANY_ID', 'AUTH_KEY', 'API_URL']
2026-04-14 12:12:47,281 [INFO]   - General: ['BATCH_SIZE']
2026-04-14 12:12:47,281 [INFO]   - MetaAdAPI: ['APP_ID', 'APP_SECRET', 'ACCESS_TOKEN', 'AD_ACCOUNTS', 'SLACK_WEBHOOK_URL']
2026-04-14 12:12:47,281 [INFO]   - NaverAdAPI: ['CUSTOMER_ID', 'ACCESS_LICENSE', 'SECRET_KEY', 'TARGET_CAMPAIGN_NAME', 'SLACK_WEBHOOK_URL']
2026-04-14 12:12:47,281 [INFO]   - Common: ['USD_TO_KRW_RATE', 'SLACK_WEBHOOK_URL_SALES', 'BOK_API_KEY']
2026-04-14 12:12:47,282 [INFO]   - GoogleKeywordAPI: ['developer_token', 'client_id', 'client_secret', 'refresh_token', 'manager_customer_id', 'default_customer_id', 'SLACK_WEBHOOK_URL']
2026-04-14 12:12:47,282 [INFO]   - NaverKeywordAPI: ['customer_id', 'access_license', 'secret_key', 'SLACK_WEBHOOK_URL']
2026-04-14 12:12:47,283 [INFO]   - API: ['YOUTUBE_API_KEY']
2026-04-14 12:12:47,283 [INFO]   - Gemini: ['GEMINI_API_KEY']
2026-04-14 12:12:47,283 [INFO]   - Notification: ['SlackWebhookURL']
2026-04-14 12:12:47,284 [INFO]   - FrogCafe24: ['MALL_ID', 'CLIENT_ID', 'CLIENT_SECRET', 'ACCESS_TOKEN', 'REFRESH_TOKEN', 'API_VERSION', 'ROLLING_DAYS', 'TOKEN_EXPIRES_AT', 'REFRESH_TOKEN_EXPIRES_AT']
2026-04-14 12:12:47,284 [INFO] [INFO] SystemConfig DB에서 Access Token 로드 완료
2026-04-14 12:12:47,284 [INFO] [INFO] Refresh Token으로 Access Token 갱신 시도
2026-04-14 12:12:47,621 [INFO] [SystemConfig] Cafe24.ACCESS_TOKEN 업데이트 완료
2026-04-14 12:12:47,669 [INFO] [SystemConfig] Cafe24.TOKEN_EXPIRES_AT 업데이트 완료
2026-04-14 12:12:47,720 [INFO] [SystemConfig] Cafe24.REFRESH_TOKEN 업데이트 완료
2026-04-14 12:12:47,772 [INFO] [SystemConfig] Cafe24.REFRESH_TOKEN_EXPIRES_AT 업데이트 완료
2026-04-14 12:12:47,783 [INFO] [INFO] 토큰 갱신 완료 (유효기간: 7200초)
2026-04-14 12:12:47,785 [INFO] [INFO] Access Token 갱신 성공
2026-04-14 12:13:13,817 [INFO]   성공: 수집 248건, Orders I/U 0/248, Details I/U 0/556
2026-04-14 12:13:14,818 [INFO] 
[56/94] 2025-07-21 ~ 2025-07-28
2026-04-14 12:13:14,819 [INFO] [SystemConfig] DB 연결 시도 (1/3)...
2026-04-14 12:13:14,845 [INFO] [SystemConfig] 로드 완료: 54건
2026-04-14 12:13:14,845 [INFO] [SystemConfig] 카테고리: ['Cafe24', 'Sabangnet', 'General', 'MetaAdAPI', 'NaverAdAPI', 'Common', 'GoogleKeywordAPI', 'NaverKeywordAPI', 'API', 'Gemini', 'Notification', 'FrogCafe24']
2026-04-14 12:13:14,846 [INFO]   - Cafe24: ['ROLLING_DAYS', 'SLACK_ENABLED', 'SLACK_WEBHOOK_URL', 'MALL_ID', 'CLIENT_ID', 'CLIENT_SECRET', 'ACCESS_TOKEN', 'REFRESH_TOKEN', 'TOKEN_EXPIRES_AT', 'REFRESH_TOKEN_EXPIRES_AT', 'API_VERSION']
2026-04-14 12:13:14,846 [INFO]   - Sabangnet: ['ROLLING_DAYS', 'SLACK_ENABLED', 'SLACK_WEBHOOK_URL', 'COMPANY_ID', 'AUTH_KEY', 'API_URL']
2026-04-14 12:13:14,846 [INFO]   - General: ['BATCH_SIZE']
2026-04-14 12:13:14,846 [INFO]   - MetaAdAPI: ['APP_ID', 'APP_SECRET', 'ACCESS_TOKEN', 'AD_ACCOUNTS', 'SLACK_WEBHOOK_URL']
2026-04-14 12:13:14,847 [INFO]   - NaverAdAPI: ['CUSTOMER_ID', 'ACCESS_LICENSE', 'SECRET_KEY', 'TARGET_CAMPAIGN_NAME', 'SLACK_WEBHOOK_URL']
2026-04-14 12:13:14,847 [INFO]   - Common: ['USD_TO_KRW_RATE', 'SLACK_WEBHOOK_URL_SALES', 'BOK_API_KEY']
2026-04-14 12:13:14,847 [INFO]   - GoogleKeywordAPI: ['developer_token', 'client_id', 'client_secret', 'refresh_token', 'manager_customer_id', 'default_customer_id', 'SLACK_WEBHOOK_URL']
2026-04-14 12:13:14,847 [INFO]   - NaverKeywordAPI: ['customer_id', 'access_license', 'secret_key', 'SLACK_WEBHOOK_URL']
2026-04-14 12:13:14,847 [INFO]   - API: ['YOUTUBE_API_KEY']
2026-04-14 12:13:14,848 [INFO]   - Gemini: ['GEMINI_API_KEY']
2026-04-14 12:13:14,848 [INFO]   - Notification: ['SlackWebhookURL']
2026-04-14 12:13:14,848 [INFO]   - FrogCafe24: ['MALL_ID', 'CLIENT_ID', 'CLIENT_SECRET', 'ACCESS_TOKEN', 'REFRESH_TOKEN', 'API_VERSION', 'ROLLING_DAYS', 'TOKEN_EXPIRES_AT', 'REFRESH_TOKEN_EXPIRES_AT']
2026-04-14 12:13:14,848 [INFO] [INFO] SystemConfig DB에서 Access Token 로드 완료
2026-04-14 12:13:14,849 [INFO] [INFO] Refresh Token으로 Access Token 갱신 시도
2026-04-14 12:13:15,204 [INFO] [SystemConfig] Cafe24.ACCESS_TOKEN 업데이트 완료
2026-04-14 12:13:15,252 [INFO] [SystemConfig] Cafe24.TOKEN_EXPIRES_AT 업데이트 완료
2026-04-14 12:13:15,304 [INFO] [SystemConfig] Cafe24.REFRESH_TOKEN 업데이트 완료
2026-04-14 12:13:15,351 [INFO] [SystemConfig] Cafe24.REFRESH_TOKEN_EXPIRES_AT 업데이트 완료
2026-04-14 12:13:15,364 [INFO] [INFO] 토큰 갱신 완료 (유효기간: 7200초)
2026-04-14 12:13:15,365 [INFO] [INFO] Access Token 갱신 성공
2026-04-14 12:14:19,007 [INFO]   성공: 수집 922건, Orders I/U 0/922, Details I/U 0/1259
2026-04-14 12:14:20,009 [INFO] 
[57/94] 2025-07-28 ~ 2025-08-04
2026-04-14 12:14:20,009 [INFO] [SystemConfig] DB 연결 시도 (1/3)...
2026-04-14 12:14:20,035 [INFO] [SystemConfig] 로드 완료: 54건
2026-04-14 12:14:20,036 [INFO] [SystemConfig] 카테고리: ['Cafe24', 'Sabangnet', 'General', 'MetaAdAPI', 'NaverAdAPI', 'Common', 'GoogleKeywordAPI', 'NaverKeywordAPI', 'API', 'Gemini', 'Notification', 'FrogCafe24']
2026-04-14 12:14:20,036 [INFO]   - Cafe24: ['ROLLING_DAYS', 'SLACK_ENABLED', 'SLACK_WEBHOOK_URL', 'MALL_ID', 'CLIENT_ID', 'CLIENT_SECRET', 'ACCESS_TOKEN', 'REFRESH_TOKEN', 'TOKEN_EXPIRES_AT', 'REFRESH_TOKEN_EXPIRES_AT', 'API_VERSION']
2026-04-14 12:14:20,036 [INFO]   - Sabangnet: ['ROLLING_DAYS', 'SLACK_ENABLED', 'SLACK_WEBHOOK_URL', 'COMPANY_ID', 'AUTH_KEY', 'API_URL']
2026-04-14 12:14:20,037 [INFO]   - General: ['BATCH_SIZE']
2026-04-14 12:14:20,037 [INFO]   - MetaAdAPI: ['APP_ID', 'APP_SECRET', 'ACCESS_TOKEN', 'AD_ACCOUNTS', 'SLACK_WEBHOOK_URL']
2026-04-14 12:14:20,037 [INFO]   - NaverAdAPI: ['CUSTOMER_ID', 'ACCESS_LICENSE', 'SECRET_KEY', 'TARGET_CAMPAIGN_NAME', 'SLACK_WEBHOOK_URL']
2026-04-14 12:14:20,038 [INFO]   - Common: ['USD_TO_KRW_RATE', 'SLACK_WEBHOOK_URL_SALES', 'BOK_API_KEY']
2026-04-14 12:14:20,038 [INFO]   - GoogleKeywordAPI: ['developer_token', 'client_id', 'client_secret', 'refresh_token', 'manager_customer_id', 'default_customer_id', 'SLACK_WEBHOOK_URL']
2026-04-14 12:14:20,038 [INFO]   - NaverKeywordAPI: ['customer_id', 'access_license', 'secret_key', 'SLACK_WEBHOOK_URL']
2026-04-14 12:14:20,038 [INFO]   - API: ['YOUTUBE_API_KEY']
2026-04-14 12:14:20,039 [INFO]   - Gemini: ['GEMINI_API_KEY']
2026-04-14 12:14:20,039 [INFO]   - Notification: ['SlackWebhookURL']
2026-04-14 12:14:20,039 [INFO]   - FrogCafe24: ['MALL_ID', 'CLIENT_ID', 'CLIENT_SECRET', 'ACCESS_TOKEN', 'REFRESH_TOKEN', 'API_VERSION', 'ROLLING_DAYS', 'TOKEN_EXPIRES_AT', 'REFRESH_TOKEN_EXPIRES_AT']
2026-04-14 12:14:20,039 [INFO] [INFO] SystemConfig DB에서 Access Token 로드 완료
2026-04-14 12:14:20,040 [INFO] [INFO] Refresh Token으로 Access Token 갱신 시도
2026-04-14 12:14:20,410 [INFO] [SystemConfig] Cafe24.ACCESS_TOKEN 업데이트 완료
2026-04-14 12:14:20,463 [INFO] [SystemConfig] Cafe24.TOKEN_EXPIRES_AT 업데이트 완료
2026-04-14 12:14:20,507 [INFO] [SystemConfig] Cafe24.REFRESH_TOKEN 업데이트 완료
2026-04-14 12:14:20,554 [INFO] [SystemConfig] Cafe24.REFRESH_TOKEN_EXPIRES_AT 업데이트 완료
2026-04-14 12:14:20,565 [INFO] [INFO] 토큰 갱신 완료 (유효기간: 7200초)
2026-04-14 12:14:20,567 [INFO] [INFO] Access Token 갱신 성공
2026-04-14 12:15:17,456 [INFO]   성공: 수집 764건, Orders I/U 0/764, Details I/U 0/1116
2026-04-14 12:15:18,458 [INFO] 
[58/94] 2025-08-04 ~ 2025-08-11
2026-04-14 12:15:18,459 [INFO] [SystemConfig] DB 연결 시도 (1/3)...
2026-04-14 12:15:18,487 [INFO] [SystemConfig] 로드 완료: 54건
2026-04-14 12:15:18,487 [INFO] [SystemConfig] 카테고리: ['Cafe24', 'Sabangnet', 'General', 'MetaAdAPI', 'NaverAdAPI', 'Common', 'GoogleKeywordAPI', 'NaverKeywordAPI', 'API', 'Gemini', 'Notification', 'FrogCafe24']
2026-04-14 12:15:18,487 [INFO]   - Cafe24: ['ROLLING_DAYS', 'SLACK_ENABLED', 'SLACK_WEBHOOK_URL', 'MALL_ID', 'CLIENT_ID', 'CLIENT_SECRET', 'ACCESS_TOKEN', 'REFRESH_TOKEN', 'TOKEN_EXPIRES_AT', 'REFRESH_TOKEN_EXPIRES_AT', 'API_VERSION']
2026-04-14 12:15:18,488 [INFO]   - Sabangnet: ['ROLLING_DAYS', 'SLACK_ENABLED', 'SLACK_WEBHOOK_URL', 'COMPANY_ID', 'AUTH_KEY', 'API_URL']
2026-04-14 12:15:18,488 [INFO]   - General: ['BATCH_SIZE']
2026-04-14 12:15:18,488 [INFO]   - MetaAdAPI: ['APP_ID', 'APP_SECRET', 'ACCESS_TOKEN', 'AD_ACCOUNTS', 'SLACK_WEBHOOK_URL']
2026-04-14 12:15:18,489 [INFO]   - NaverAdAPI: ['CUSTOMER_ID', 'ACCESS_LICENSE', 'SECRET_KEY', 'TARGET_CAMPAIGN_NAME', 'SLACK_WEBHOOK_URL']
2026-04-14 12:15:18,489 [INFO]   - Common: ['USD_TO_KRW_RATE', 'SLACK_WEBHOOK_URL_SALES', 'BOK_API_KEY']
2026-04-14 12:15:18,489 [INFO]   - GoogleKeywordAPI: ['developer_token', 'client_id', 'client_secret', 'refresh_token', 'manager_customer_id', 'default_customer_id', 'SLACK_WEBHOOK_URL']
2026-04-14 12:15:18,490 [INFO]   - NaverKeywordAPI: ['customer_id', 'access_license', 'secret_key', 'SLACK_WEBHOOK_URL']
2026-04-14 12:15:18,490 [INFO]   - API: ['YOUTUBE_API_KEY']
2026-04-14 12:15:18,490 [INFO]   - Gemini: ['GEMINI_API_KEY']
2026-04-14 12:15:18,490 [INFO]   - Notification: ['SlackWebhookURL']
2026-04-14 12:15:18,490 [INFO]   - FrogCafe24: ['MALL_ID', 'CLIENT_ID', 'CLIENT_SECRET', 'ACCESS_TOKEN', 'REFRESH_TOKEN', 'API_VERSION', 'ROLLING_DAYS', 'TOKEN_EXPIRES_AT', 'REFRESH_TOKEN_EXPIRES_AT']
2026-04-14 12:15:18,491 [INFO] [INFO] SystemConfig DB에서 Access Token 로드 완료
2026-04-14 12:15:18,491 [INFO] [INFO] Refresh Token으로 Access Token 갱신 시도
2026-04-14 12:15:18,836 [INFO] [SystemConfig] Cafe24.ACCESS_TOKEN 업데이트 완료
2026-04-14 12:15:18,884 [INFO] [SystemConfig] Cafe24.TOKEN_EXPIRES_AT 업데이트 완료
2026-04-14 12:15:18,933 [INFO] [SystemConfig] Cafe24.REFRESH_TOKEN 업데이트 완료
2026-04-14 12:15:18,977 [INFO] [SystemConfig] Cafe24.REFRESH_TOKEN_EXPIRES_AT 업데이트 완료
2026-04-14 12:15:18,990 [INFO] [INFO] 토큰 갱신 완료 (유효기간: 7200초)
2026-04-14 12:15:18,991 [INFO] [INFO] Access Token 갱신 성공
2026-04-14 12:16:42,976 [INFO]   성공: 수집 1237건, Orders I/U 0/1237, Details I/U 0/1626
2026-04-14 12:16:43,978 [INFO] 
[59/94] 2025-08-11 ~ 2025-08-18
2026-04-14 12:16:43,979 [INFO] [SystemConfig] DB 연결 시도 (1/3)...
2026-04-14 12:16:44,010 [INFO] [SystemConfig] 로드 완료: 54건
2026-04-14 12:16:44,011 [INFO] [SystemConfig] 카테고리: ['Cafe24', 'Sabangnet', 'General', 'MetaAdAPI', 'NaverAdAPI', 'Common', 'GoogleKeywordAPI', 'NaverKeywordAPI', 'API', 'Gemini', 'Notification', 'FrogCafe24']
2026-04-14 12:16:44,011 [INFO]   - Cafe24: ['ROLLING_DAYS', 'SLACK_ENABLED', 'SLACK_WEBHOOK_URL', 'MALL_ID', 'CLIENT_ID', 'CLIENT_SECRET', 'ACCESS_TOKEN', 'REFRESH_TOKEN', 'TOKEN_EXPIRES_AT', 'REFRESH_TOKEN_EXPIRES_AT', 'API_VERSION']
2026-04-14 12:16:44,011 [INFO]   - Sabangnet: ['ROLLING_DAYS', 'SLACK_ENABLED', 'SLACK_WEBHOOK_URL', 'COMPANY_ID', 'AUTH_KEY', 'API_URL']
2026-04-14 12:16:44,011 [INFO]   - General: ['BATCH_SIZE']
2026-04-14 12:16:44,012 [INFO]   - MetaAdAPI: ['APP_ID', 'APP_SECRET', 'ACCESS_TOKEN', 'AD_ACCOUNTS', 'SLACK_WEBHOOK_URL']
2026-04-14 12:16:44,012 [INFO]   - NaverAdAPI: ['CUSTOMER_ID', 'ACCESS_LICENSE', 'SECRET_KEY', 'TARGET_CAMPAIGN_NAME', 'SLACK_WEBHOOK_URL']
2026-04-14 12:16:44,012 [INFO]   - Common: ['USD_TO_KRW_RATE', 'SLACK_WEBHOOK_URL_SALES', 'BOK_API_KEY']
2026-04-14 12:16:44,013 [INFO]   - GoogleKeywordAPI: ['developer_token', 'client_id', 'client_secret', 'refresh_token', 'manager_customer_id', 'default_customer_id', 'SLACK_WEBHOOK_URL']
2026-04-14 12:16:44,013 [INFO]   - NaverKeywordAPI: ['customer_id', 'access_license', 'secret_key', 'SLACK_WEBHOOK_URL']
2026-04-14 12:16:44,013 [INFO]   - API: ['YOUTUBE_API_KEY']
2026-04-14 12:16:44,013 [INFO]   - Gemini: ['GEMINI_API_KEY']
2026-04-14 12:16:44,014 [INFO]   - Notification: ['SlackWebhookURL']
2026-04-14 12:16:44,014 [INFO]   - FrogCafe24: ['MALL_ID', 'CLIENT_ID', 'CLIENT_SECRET', 'ACCESS_TOKEN', 'REFRESH_TOKEN', 'API_VERSION', 'ROLLING_DAYS', 'TOKEN_EXPIRES_AT', 'REFRESH_TOKEN_EXPIRES_AT']
2026-04-14 12:16:44,014 [INFO] [INFO] SystemConfig DB에서 Access Token 로드 완료
2026-04-14 12:16:44,015 [INFO] [INFO] Refresh Token으로 Access Token 갱신 시도
2026-04-14 12:16:44,388 [INFO] [SystemConfig] Cafe24.ACCESS_TOKEN 업데이트 완료
2026-04-14 12:16:44,440 [INFO] [SystemConfig] Cafe24.TOKEN_EXPIRES_AT 업데이트 완료
2026-04-14 12:16:44,496 [INFO] [SystemConfig] Cafe24.REFRESH_TOKEN 업데이트 완료
2026-04-14 12:16:44,556 [INFO] [SystemConfig] Cafe24.REFRESH_TOKEN_EXPIRES_AT 업데이트 완료
2026-04-14 12:16:44,568 [INFO] [INFO] 토큰 갱신 완료 (유효기간: 7200초)
2026-04-14 12:16:44,569 [INFO] [INFO] Access Token 갱신 성공
2026-04-14 12:18:31,707 [INFO]   성공: 수집 1575건, Orders I/U 0/1575, Details I/U 0/2032
2026-04-14 12:18:32,709 [INFO] 
[60/94] 2025-08-18 ~ 2025-08-25
2026-04-14 12:18:32,709 [INFO] [SystemConfig] DB 연결 시도 (1/3)...
2026-04-14 12:18:32,735 [INFO] [SystemConfig] 로드 완료: 54건
2026-04-14 12:18:32,736 [INFO] [SystemConfig] 카테고리: ['Cafe24', 'Sabangnet', 'General', 'MetaAdAPI', 'NaverAdAPI', 'Common', 'GoogleKeywordAPI', 'NaverKeywordAPI', 'API', 'Gemini', 'Notification', 'FrogCafe24']
2026-04-14 12:18:32,736 [INFO]   - Cafe24: ['ROLLING_DAYS', 'SLACK_ENABLED', 'SLACK_WEBHOOK_URL', 'MALL_ID', 'CLIENT_ID', 'CLIENT_SECRET', 'ACCESS_TOKEN', 'REFRESH_TOKEN', 'TOKEN_EXPIRES_AT', 'REFRESH_TOKEN_EXPIRES_AT', 'API_VERSION']
2026-04-14 12:18:32,736 [INFO]   - Sabangnet: ['ROLLING_DAYS', 'SLACK_ENABLED', 'SLACK_WEBHOOK_URL', 'COMPANY_ID', 'AUTH_KEY', 'API_URL']
2026-04-14 12:18:32,736 [INFO]   - General: ['BATCH_SIZE']
2026-04-14 12:18:32,737 [INFO]   - MetaAdAPI: ['APP_ID', 'APP_SECRET', 'ACCESS_TOKEN', 'AD_ACCOUNTS', 'SLACK_WEBHOOK_URL']
2026-04-14 12:18:32,737 [INFO]   - NaverAdAPI: ['CUSTOMER_ID', 'ACCESS_LICENSE', 'SECRET_KEY', 'TARGET_CAMPAIGN_NAME', 'SLACK_WEBHOOK_URL']
2026-04-14 12:18:32,737 [INFO]   - Common: ['USD_TO_KRW_RATE', 'SLACK_WEBHOOK_URL_SALES', 'BOK_API_KEY']
2026-04-14 12:18:32,737 [INFO]   - GoogleKeywordAPI: ['developer_token', 'client_id', 'client_secret', 'refresh_token', 'manager_customer_id', 'default_customer_id', 'SLACK_WEBHOOK_URL']
2026-04-14 12:18:32,738 [INFO]   - NaverKeywordAPI: ['customer_id', 'access_license', 'secret_key', 'SLACK_WEBHOOK_URL']
2026-04-14 12:18:32,738 [INFO]   - API: ['YOUTUBE_API_KEY']
2026-04-14 12:18:32,738 [INFO]   - Gemini: ['GEMINI_API_KEY']
2026-04-14 12:18:32,738 [INFO]   - Notification: ['SlackWebhookURL']
2026-04-14 12:18:32,739 [INFO]   - FrogCafe24: ['MALL_ID', 'CLIENT_ID', 'CLIENT_SECRET', 'ACCESS_TOKEN', 'REFRESH_TOKEN', 'API_VERSION', 'ROLLING_DAYS', 'TOKEN_EXPIRES_AT', 'REFRESH_TOKEN_EXPIRES_AT']
2026-04-14 12:18:32,739 [INFO] [INFO] SystemConfig DB에서 Access Token 로드 완료
2026-04-14 12:18:32,739 [INFO] [INFO] Refresh Token으로 Access Token 갱신 시도
2026-04-14 12:18:33,081 [INFO] [SystemConfig] Cafe24.ACCESS_TOKEN 업데이트 완료
2026-04-14 12:18:33,130 [INFO] [SystemConfig] Cafe24.TOKEN_EXPIRES_AT 업데이트 완료
2026-04-14 12:18:33,186 [INFO] [SystemConfig] Cafe24.REFRESH_TOKEN 업데이트 완료
2026-04-14 12:18:33,239 [INFO] [SystemConfig] Cafe24.REFRESH_TOKEN_EXPIRES_AT 업데이트 완료
2026-04-14 12:18:33,259 [INFO] [INFO] 토큰 갱신 완료 (유효기간: 7200초)
2026-04-14 12:18:33,260 [INFO] [INFO] Access Token 갱신 성공
2026-04-14 12:19:30,530 [INFO]   성공: 수집 780건, Orders I/U 0/780, Details I/U 0/1178
2026-04-14 12:19:31,532 [INFO] 
[61/94] 2025-08-25 ~ 2025-09-01
2026-04-14 12:19:31,532 [INFO] [SystemConfig] DB 연결 시도 (1/3)...
2026-04-14 12:19:31,560 [INFO] [SystemConfig] 로드 완료: 54건
2026-04-14 12:19:31,560 [INFO] [SystemConfig] 카테고리: ['Cafe24', 'Sabangnet', 'General', 'MetaAdAPI', 'NaverAdAPI', 'Common', 'GoogleKeywordAPI', 'NaverKeywordAPI', 'API', 'Gemini', 'Notification', 'FrogCafe24']
2026-04-14 12:19:31,560 [INFO]   - Cafe24: ['ROLLING_DAYS', 'SLACK_ENABLED', 'SLACK_WEBHOOK_URL', 'MALL_ID', 'CLIENT_ID', 'CLIENT_SECRET', 'ACCESS_TOKEN', 'REFRESH_TOKEN', 'TOKEN_EXPIRES_AT', 'REFRESH_TOKEN_EXPIRES_AT', 'API_VERSION']
2026-04-14 12:19:31,561 [INFO]   - Sabangnet: ['ROLLING_DAYS', 'SLACK_ENABLED', 'SLACK_WEBHOOK_URL', 'COMPANY_ID', 'AUTH_KEY', 'API_URL']
2026-04-14 12:19:31,561 [INFO]   - General: ['BATCH_SIZE']
2026-04-14 12:19:31,561 [INFO]   - MetaAdAPI: ['APP_ID', 'APP_SECRET', 'ACCESS_TOKEN', 'AD_ACCOUNTS', 'SLACK_WEBHOOK_URL']
2026-04-14 12:19:31,561 [INFO]   - NaverAdAPI: ['CUSTOMER_ID', 'ACCESS_LICENSE', 'SECRET_KEY', 'TARGET_CAMPAIGN_NAME', 'SLACK_WEBHOOK_URL']
2026-04-14 12:19:31,561 [INFO]   - Common: ['USD_TO_KRW_RATE', 'SLACK_WEBHOOK_URL_SALES', 'BOK_API_KEY']
2026-04-14 12:19:31,561 [INFO]   - GoogleKeywordAPI: ['developer_token', 'client_id', 'client_secret', 'refresh_token', 'manager_customer_id', 'default_customer_id', 'SLACK_WEBHOOK_URL']
2026-04-14 12:19:31,562 [INFO]   - NaverKeywordAPI: ['customer_id', 'access_license', 'secret_key', 'SLACK_WEBHOOK_URL']
2026-04-14 12:19:31,562 [INFO]   - API: ['YOUTUBE_API_KEY']
2026-04-14 12:19:31,562 [INFO]   - Gemini: ['GEMINI_API_KEY']
2026-04-14 12:19:31,562 [INFO]   - Notification: ['SlackWebhookURL']
2026-04-14 12:19:31,562 [INFO]   - FrogCafe24: ['MALL_ID', 'CLIENT_ID', 'CLIENT_SECRET', 'ACCESS_TOKEN', 'REFRESH_TOKEN', 'API_VERSION', 'ROLLING_DAYS', 'TOKEN_EXPIRES_AT', 'REFRESH_TOKEN_EXPIRES_AT']
2026-04-14 12:19:31,563 [INFO] [INFO] SystemConfig DB에서 Access Token 로드 완료
2026-04-14 12:19:31,563 [INFO] [INFO] Refresh Token으로 Access Token 갱신 시도
2026-04-14 12:19:31,918 [INFO] [SystemConfig] Cafe24.ACCESS_TOKEN 업데이트 완료
2026-04-14 12:19:31,964 [INFO] [SystemConfig] Cafe24.TOKEN_EXPIRES_AT 업데이트 완료
2026-04-14 12:19:32,018 [INFO] [SystemConfig] Cafe24.REFRESH_TOKEN 업데이트 완료
2026-04-14 12:19:32,067 [INFO] [SystemConfig] Cafe24.REFRESH_TOKEN_EXPIRES_AT 업데이트 완료
2026-04-14 12:19:32,080 [INFO] [INFO] 토큰 갱신 완료 (유효기간: 7200초)
2026-04-14 12:19:32,082 [INFO] [INFO] Access Token 갱신 성공
2026-04-14 12:19:56,039 [INFO]   성공: 수집 282건, Orders I/U 0/282, Details I/U 0/551
2026-04-14 12:19:57,040 [INFO] 
[62/94] 2025-09-01 ~ 2025-09-08
2026-04-14 12:19:57,041 [INFO] [SystemConfig] DB 연결 시도 (1/3)...
2026-04-14 12:19:57,068 [INFO] [SystemConfig] 로드 완료: 54건
2026-04-14 12:19:57,068 [INFO] [SystemConfig] 카테고리: ['Cafe24', 'Sabangnet', 'General', 'MetaAdAPI', 'NaverAdAPI', 'Common', 'GoogleKeywordAPI', 'NaverKeywordAPI', 'API', 'Gemini', 'Notification', 'FrogCafe24']
2026-04-14 12:19:57,068 [INFO]   - Cafe24: ['ROLLING_DAYS', 'SLACK_ENABLED', 'SLACK_WEBHOOK_URL', 'MALL_ID', 'CLIENT_ID', 'CLIENT_SECRET', 'ACCESS_TOKEN', 'REFRESH_TOKEN', 'TOKEN_EXPIRES_AT', 'REFRESH_TOKEN_EXPIRES_AT', 'API_VERSION']
2026-04-14 12:19:57,069 [INFO]   - Sabangnet: ['ROLLING_DAYS', 'SLACK_ENABLED', 'SLACK_WEBHOOK_URL', 'COMPANY_ID', 'AUTH_KEY', 'API_URL']
2026-04-14 12:19:57,069 [INFO]   - General: ['BATCH_SIZE']
2026-04-14 12:19:57,069 [INFO]   - MetaAdAPI: ['APP_ID', 'APP_SECRET', 'ACCESS_TOKEN', 'AD_ACCOUNTS', 'SLACK_WEBHOOK_URL']
2026-04-14 12:19:57,069 [INFO]   - NaverAdAPI: ['CUSTOMER_ID', 'ACCESS_LICENSE', 'SECRET_KEY', 'TARGET_CAMPAIGN_NAME', 'SLACK_WEBHOOK_URL']
2026-04-14 12:19:57,070 [INFO]   - Common: ['USD_TO_KRW_RATE', 'SLACK_WEBHOOK_URL_SALES', 'BOK_API_KEY']
2026-04-14 12:19:57,070 [INFO]   - GoogleKeywordAPI: ['developer_token', 'client_id', 'client_secret', 'refresh_token', 'manager_customer_id', 'default_customer_id', 'SLACK_WEBHOOK_URL']
2026-04-14 12:19:57,070 [INFO]   - NaverKeywordAPI: ['customer_id', 'access_license', 'secret_key', 'SLACK_WEBHOOK_URL']
2026-04-14 12:19:57,070 [INFO]   - API: ['YOUTUBE_API_KEY']
2026-04-14 12:19:57,071 [INFO]   - Gemini: ['GEMINI_API_KEY']
2026-04-14 12:19:57,071 [INFO]   - Notification: ['SlackWebhookURL']
2026-04-14 12:19:57,071 [INFO]   - FrogCafe24: ['MALL_ID', 'CLIENT_ID', 'CLIENT_SECRET', 'ACCESS_TOKEN', 'REFRESH_TOKEN', 'API_VERSION', 'ROLLING_DAYS', 'TOKEN_EXPIRES_AT', 'REFRESH_TOKEN_EXPIRES_AT']
2026-04-14 12:19:57,071 [INFO] [INFO] SystemConfig DB에서 Access Token 로드 완료
2026-04-14 12:19:57,071 [INFO] [INFO] Refresh Token으로 Access Token 갱신 시도
2026-04-14 12:19:57,405 [INFO] [SystemConfig] Cafe24.ACCESS_TOKEN 업데이트 완료
2026-04-14 12:19:57,453 [INFO] [SystemConfig] Cafe24.TOKEN_EXPIRES_AT 업데이트 완료
2026-04-14 12:19:57,500 [INFO] [SystemConfig] Cafe24.REFRESH_TOKEN 업데이트 완료
2026-04-14 12:19:57,549 [INFO] [SystemConfig] Cafe24.REFRESH_TOKEN_EXPIRES_AT 업데이트 완료
2026-04-14 12:19:57,562 [INFO] [INFO] 토큰 갱신 완료 (유효기간: 7200초)
2026-04-14 12:19:57,563 [INFO] [INFO] Access Token 갱신 성공
2026-04-14 12:20:21,753 [INFO]   성공: 수집 282건, Orders I/U 0/282, Details I/U 0/552
2026-04-14 12:20:22,755 [INFO] 
[63/94] 2025-09-08 ~ 2025-09-15
2026-04-14 12:20:22,755 [INFO] [SystemConfig] DB 연결 시도 (1/3)...
2026-04-14 12:20:22,785 [INFO] [SystemConfig] 로드 완료: 54건
2026-04-14 12:20:22,785 [INFO] [SystemConfig] 카테고리: ['Cafe24', 'Sabangnet', 'General', 'MetaAdAPI', 'NaverAdAPI', 'Common', 'GoogleKeywordAPI', 'NaverKeywordAPI', 'API', 'Gemini', 'Notification', 'FrogCafe24']
2026-04-14 12:20:22,785 [INFO]   - Cafe24: ['ROLLING_DAYS', 'SLACK_ENABLED', 'SLACK_WEBHOOK_URL', 'MALL_ID', 'CLIENT_ID', 'CLIENT_SECRET', 'ACCESS_TOKEN', 'REFRESH_TOKEN', 'TOKEN_EXPIRES_AT', 'REFRESH_TOKEN_EXPIRES_AT', 'API_VERSION']
2026-04-14 12:20:22,786 [INFO]   - Sabangnet: ['ROLLING_DAYS', 'SLACK_ENABLED', 'SLACK_WEBHOOK_URL', 'COMPANY_ID', 'AUTH_KEY', 'API_URL']
2026-04-14 12:20:22,786 [INFO]   - General: ['BATCH_SIZE']
2026-04-14 12:20:22,786 [INFO]   - MetaAdAPI: ['APP_ID', 'APP_SECRET', 'ACCESS_TOKEN', 'AD_ACCOUNTS', 'SLACK_WEBHOOK_URL']
2026-04-14 12:20:22,787 [INFO]   - NaverAdAPI: ['CUSTOMER_ID', 'ACCESS_LICENSE', 'SECRET_KEY', 'TARGET_CAMPAIGN_NAME', 'SLACK_WEBHOOK_URL']
2026-04-14 12:20:22,787 [INFO]   - Common: ['USD_TO_KRW_RATE', 'SLACK_WEBHOOK_URL_SALES', 'BOK_API_KEY']
2026-04-14 12:20:22,787 [INFO]   - GoogleKeywordAPI: ['developer_token', 'client_id', 'client_secret', 'refresh_token', 'manager_customer_id', 'default_customer_id', 'SLACK_WEBHOOK_URL']
2026-04-14 12:20:22,787 [INFO]   - NaverKeywordAPI: ['customer_id', 'access_license', 'secret_key', 'SLACK_WEBHOOK_URL']
2026-04-14 12:20:22,788 [INFO]   - API: ['YOUTUBE_API_KEY']
2026-04-14 12:20:22,788 [INFO]   - Gemini: ['GEMINI_API_KEY']
2026-04-14 12:20:22,788 [INFO]   - Notification: ['SlackWebhookURL']
2026-04-14 12:20:22,788 [INFO]   - FrogCafe24: ['MALL_ID', 'CLIENT_ID', 'CLIENT_SECRET', 'ACCESS_TOKEN', 'REFRESH_TOKEN', 'API_VERSION', 'ROLLING_DAYS', 'TOKEN_EXPIRES_AT', 'REFRESH_TOKEN_EXPIRES_AT']
2026-04-14 12:20:22,789 [INFO] [INFO] SystemConfig DB에서 Access Token 로드 완료
2026-04-14 12:20:22,789 [INFO] [INFO] Refresh Token으로 Access Token 갱신 시도
2026-04-14 12:20:23,120 [INFO] [SystemConfig] Cafe24.ACCESS_TOKEN 업데이트 완료
2026-04-14 12:20:23,167 [INFO] [SystemConfig] Cafe24.TOKEN_EXPIRES_AT 업데이트 완료
2026-04-14 12:20:23,214 [INFO] [SystemConfig] Cafe24.REFRESH_TOKEN 업데이트 완료
2026-04-14 12:20:23,264 [INFO] [SystemConfig] Cafe24.REFRESH_TOKEN_EXPIRES_AT 업데이트 완료
2026-04-14 12:20:23,276 [INFO] [INFO] 토큰 갱신 완료 (유효기간: 7200초)
2026-04-14 12:20:23,278 [INFO] [INFO] Access Token 갱신 성공
2026-04-14 12:20:45,407 [INFO]   성공: 수집 256건, Orders I/U 0/256, Details I/U 0/507
2026-04-14 12:20:46,409 [INFO] 
[64/94] 2025-09-15 ~ 2025-09-22
2026-04-14 12:20:46,410 [INFO] [SystemConfig] DB 연결 시도 (1/3)...
2026-04-14 12:20:46,437 [INFO] [SystemConfig] 로드 완료: 54건
2026-04-14 12:20:46,438 [INFO] [SystemConfig] 카테고리: ['Cafe24', 'Sabangnet', 'General', 'MetaAdAPI', 'NaverAdAPI', 'Common', 'GoogleKeywordAPI', 'NaverKeywordAPI', 'API', 'Gemini', 'Notification', 'FrogCafe24']
2026-04-14 12:20:46,438 [INFO]   - Cafe24: ['ROLLING_DAYS', 'SLACK_ENABLED', 'SLACK_WEBHOOK_URL', 'MALL_ID', 'CLIENT_ID', 'CLIENT_SECRET', 'ACCESS_TOKEN', 'REFRESH_TOKEN', 'TOKEN_EXPIRES_AT', 'REFRESH_TOKEN_EXPIRES_AT', 'API_VERSION']
2026-04-14 12:20:46,438 [INFO]   - Sabangnet: ['ROLLING_DAYS', 'SLACK_ENABLED', 'SLACK_WEBHOOK_URL', 'COMPANY_ID', 'AUTH_KEY', 'API_URL']
2026-04-14 12:20:46,438 [INFO]   - General: ['BATCH_SIZE']
2026-04-14 12:20:46,438 [INFO]   - MetaAdAPI: ['APP_ID', 'APP_SECRET', 'ACCESS_TOKEN', 'AD_ACCOUNTS', 'SLACK_WEBHOOK_URL']
2026-04-14 12:20:46,439 [INFO]   - NaverAdAPI: ['CUSTOMER_ID', 'ACCESS_LICENSE', 'SECRET_KEY', 'TARGET_CAMPAIGN_NAME', 'SLACK_WEBHOOK_URL']
2026-04-14 12:20:46,439 [INFO]   - Common: ['USD_TO_KRW_RATE', 'SLACK_WEBHOOK_URL_SALES', 'BOK_API_KEY']
2026-04-14 12:20:46,439 [INFO]   - GoogleKeywordAPI: ['developer_token', 'client_id', 'client_secret', 'refresh_token', 'manager_customer_id', 'default_customer_id', 'SLACK_WEBHOOK_URL']
2026-04-14 12:20:46,439 [INFO]   - NaverKeywordAPI: ['customer_id', 'access_license', 'secret_key', 'SLACK_WEBHOOK_URL']
2026-04-14 12:20:46,439 [INFO]   - API: ['YOUTUBE_API_KEY']
2026-04-14 12:20:46,440 [INFO]   - Gemini: ['GEMINI_API_KEY']
2026-04-14 12:20:46,440 [INFO]   - Notification: ['SlackWebhookURL']
2026-04-14 12:20:46,440 [INFO]   - FrogCafe24: ['MALL_ID', 'CLIENT_ID', 'CLIENT_SECRET', 'ACCESS_TOKEN', 'REFRESH_TOKEN', 'API_VERSION', 'ROLLING_DAYS', 'TOKEN_EXPIRES_AT', 'REFRESH_TOKEN_EXPIRES_AT']
2026-04-14 12:20:46,440 [INFO] [INFO] SystemConfig DB에서 Access Token 로드 완료
2026-04-14 12:20:46,440 [INFO] [INFO] Refresh Token으로 Access Token 갱신 시도
2026-04-14 12:20:46,774 [INFO] [SystemConfig] Cafe24.ACCESS_TOKEN 업데이트 완료
2026-04-14 12:20:46,821 [INFO] [SystemConfig] Cafe24.TOKEN_EXPIRES_AT 업데이트 완료
2026-04-14 12:20:46,864 [INFO] [SystemConfig] Cafe24.REFRESH_TOKEN 업데이트 완료
2026-04-14 12:20:46,912 [INFO] [SystemConfig] Cafe24.REFRESH_TOKEN_EXPIRES_AT 업데이트 완료
2026-04-14 12:20:46,923 [INFO] [INFO] 토큰 갱신 완료 (유효기간: 7200초)
2026-04-14 12:20:46,924 [INFO] [INFO] Access Token 갱신 성공
2026-04-14 12:21:09,319 [INFO]   성공: 수집 252건, Orders I/U 0/252, Details I/U 0/502
2026-04-14 12:21:10,320 [INFO] 
[65/94] 2025-09-22 ~ 2025-09-29
2026-04-14 12:21:10,321 [INFO] [SystemConfig] DB 연결 시도 (1/3)...
2026-04-14 12:21:10,358 [INFO] [SystemConfig] 로드 완료: 54건
2026-04-14 12:21:10,359 [INFO] [SystemConfig] 카테고리: ['Cafe24', 'Sabangnet', 'General', 'MetaAdAPI', 'NaverAdAPI', 'Common', 'GoogleKeywordAPI', 'NaverKeywordAPI', 'API', 'Gemini', 'Notification', 'FrogCafe24']
2026-04-14 12:21:10,359 [INFO]   - Cafe24: ['ROLLING_DAYS', 'SLACK_ENABLED', 'SLACK_WEBHOOK_URL', 'MALL_ID', 'CLIENT_ID', 'CLIENT_SECRET', 'ACCESS_TOKEN', 'REFRESH_TOKEN', 'TOKEN_EXPIRES_AT', 'REFRESH_TOKEN_EXPIRES_AT', 'API_VERSION']
2026-04-14 12:21:10,359 [INFO]   - Sabangnet: ['ROLLING_DAYS', 'SLACK_ENABLED', 'SLACK_WEBHOOK_URL', 'COMPANY_ID', 'AUTH_KEY', 'API_URL']
2026-04-14 12:21:10,359 [INFO]   - General: ['BATCH_SIZE']
2026-04-14 12:21:10,360 [INFO]   - MetaAdAPI: ['APP_ID', 'APP_SECRET', 'ACCESS_TOKEN', 'AD_ACCOUNTS', 'SLACK_WEBHOOK_URL']
2026-04-14 12:21:10,360 [INFO]   - NaverAdAPI: ['CUSTOMER_ID', 'ACCESS_LICENSE', 'SECRET_KEY', 'TARGET_CAMPAIGN_NAME', 'SLACK_WEBHOOK_URL']
2026-04-14 12:21:10,360 [INFO]   - Common: ['USD_TO_KRW_RATE', 'SLACK_WEBHOOK_URL_SALES', 'BOK_API_KEY']
2026-04-14 12:21:10,360 [INFO]   - GoogleKeywordAPI: ['developer_token', 'client_id', 'client_secret', 'refresh_token', 'manager_customer_id', 'default_customer_id', 'SLACK_WEBHOOK_URL']
2026-04-14 12:21:10,361 [INFO]   - NaverKeywordAPI: ['customer_id', 'access_license', 'secret_key', 'SLACK_WEBHOOK_URL']
2026-04-14 12:21:10,361 [INFO]   - API: ['YOUTUBE_API_KEY']
2026-04-14 12:21:10,361 [INFO]   - Gemini: ['GEMINI_API_KEY']
2026-04-14 12:21:10,362 [INFO]   - Notification: ['SlackWebhookURL']
2026-04-14 12:21:10,362 [INFO]   - FrogCafe24: ['MALL_ID', 'CLIENT_ID', 'CLIENT_SECRET', 'ACCESS_TOKEN', 'REFRESH_TOKEN', 'API_VERSION', 'ROLLING_DAYS', 'TOKEN_EXPIRES_AT', 'REFRESH_TOKEN_EXPIRES_AT']
2026-04-14 12:21:10,362 [INFO] [INFO] SystemConfig DB에서 Access Token 로드 완료
2026-04-14 12:21:10,362 [INFO] [INFO] Refresh Token으로 Access Token 갱신 시도
2026-04-14 12:21:10,692 [INFO] [SystemConfig] Cafe24.ACCESS_TOKEN 업데이트 완료
2026-04-14 12:21:10,743 [INFO] [SystemConfig] Cafe24.TOKEN_EXPIRES_AT 업데이트 완료
2026-04-14 12:21:10,790 [INFO] [SystemConfig] Cafe24.REFRESH_TOKEN 업데이트 완료
2026-04-14 12:21:10,837 [INFO] [SystemConfig] Cafe24.REFRESH_TOKEN_EXPIRES_AT 업데이트 완료
2026-04-14 12:21:10,849 [INFO] [INFO] 토큰 갱신 완료 (유효기간: 7200초)
2026-04-14 12:21:10,850 [INFO] [INFO] Access Token 갱신 성공
2026-04-14 12:21:31,432 [INFO]   성공: 수집 239건, Orders I/U 0/239, Details I/U 0/457
2026-04-14 12:21:32,434 [INFO] 
[66/94] 2025-09-29 ~ 2025-10-06
2026-04-14 12:21:32,434 [INFO] [SystemConfig] DB 연결 시도 (1/3)...
2026-04-14 12:21:32,457 [INFO] [SystemConfig] 로드 완료: 54건
2026-04-14 12:21:32,457 [INFO] [SystemConfig] 카테고리: ['Cafe24', 'Sabangnet', 'General', 'MetaAdAPI', 'NaverAdAPI', 'Common', 'GoogleKeywordAPI', 'NaverKeywordAPI', 'API', 'Gemini', 'Notification', 'FrogCafe24']
2026-04-14 12:21:32,457 [INFO]   - Cafe24: ['ROLLING_DAYS', 'SLACK_ENABLED', 'SLACK_WEBHOOK_URL', 'MALL_ID', 'CLIENT_ID', 'CLIENT_SECRET', 'ACCESS_TOKEN', 'REFRESH_TOKEN', 'TOKEN_EXPIRES_AT', 'REFRESH_TOKEN_EXPIRES_AT', 'API_VERSION']
2026-04-14 12:21:32,457 [INFO]   - Sabangnet: ['ROLLING_DAYS', 'SLACK_ENABLED', 'SLACK_WEBHOOK_URL', 'COMPANY_ID', 'AUTH_KEY', 'API_URL']
2026-04-14 12:21:32,458 [INFO]   - General: ['BATCH_SIZE']
2026-04-14 12:21:32,458 [INFO]   - MetaAdAPI: ['APP_ID', 'APP_SECRET', 'ACCESS_TOKEN', 'AD_ACCOUNTS', 'SLACK_WEBHOOK_URL']
2026-04-14 12:21:32,458 [INFO]   - NaverAdAPI: ['CUSTOMER_ID', 'ACCESS_LICENSE', 'SECRET_KEY', 'TARGET_CAMPAIGN_NAME', 'SLACK_WEBHOOK_URL']
2026-04-14 12:21:32,459 [INFO]   - Common: ['USD_TO_KRW_RATE', 'SLACK_WEBHOOK_URL_SALES', 'BOK_API_KEY']
2026-04-14 12:21:32,459 [INFO]   - GoogleKeywordAPI: ['developer_token', 'client_id', 'client_secret', 'refresh_token', 'manager_customer_id', 'default_customer_id', 'SLACK_WEBHOOK_URL']
2026-04-14 12:21:32,459 [INFO]   - NaverKeywordAPI: ['customer_id', 'access_license', 'secret_key', 'SLACK_WEBHOOK_URL']
2026-04-14 12:21:32,459 [INFO]   - API: ['YOUTUBE_API_KEY']
2026-04-14 12:21:32,459 [INFO]   - Gemini: ['GEMINI_API_KEY']
2026-04-14 12:21:32,460 [INFO]   - Notification: ['SlackWebhookURL']
2026-04-14 12:21:32,460 [INFO]   - FrogCafe24: ['MALL_ID', 'CLIENT_ID', 'CLIENT_SECRET', 'ACCESS_TOKEN', 'REFRESH_TOKEN', 'API_VERSION', 'ROLLING_DAYS', 'TOKEN_EXPIRES_AT', 'REFRESH_TOKEN_EXPIRES_AT']
2026-04-14 12:21:32,460 [INFO] [INFO] SystemConfig DB에서 Access Token 로드 완료
2026-04-14 12:21:32,460 [INFO] [INFO] Refresh Token으로 Access Token 갱신 시도
2026-04-14 12:21:32,803 [INFO] [SystemConfig] Cafe24.ACCESS_TOKEN 업데이트 완료
2026-04-14 12:21:32,862 [INFO] [SystemConfig] Cafe24.TOKEN_EXPIRES_AT 업데이트 완료
2026-04-14 12:21:32,907 [INFO] [SystemConfig] Cafe24.REFRESH_TOKEN 업데이트 완료
2026-04-14 12:21:32,957 [INFO] [SystemConfig] Cafe24.REFRESH_TOKEN_EXPIRES_AT 업데이트 완료
2026-04-14 12:21:32,970 [INFO] [INFO] 토큰 갱신 완료 (유효기간: 7200초)
2026-04-14 12:21:32,971 [INFO] [INFO] Access Token 갱신 성공
2026-04-14 12:21:51,093 [INFO]   성공: 수집 197건, Orders I/U 0/197, Details I/U 0/385
2026-04-14 12:21:52,096 [INFO] 
[67/94] 2025-10-06 ~ 2025-10-13
2026-04-14 12:21:52,096 [INFO] [SystemConfig] DB 연결 시도 (1/3)...
2026-04-14 12:21:52,121 [INFO] [SystemConfig] 로드 완료: 54건
2026-04-14 12:21:52,122 [INFO] [SystemConfig] 카테고리: ['Cafe24', 'Sabangnet', 'General', 'MetaAdAPI', 'NaverAdAPI', 'Common', 'GoogleKeywordAPI', 'NaverKeywordAPI', 'API', 'Gemini', 'Notification', 'FrogCafe24']
2026-04-14 12:21:52,122 [INFO]   - Cafe24: ['ROLLING_DAYS', 'SLACK_ENABLED', 'SLACK_WEBHOOK_URL', 'MALL_ID', 'CLIENT_ID', 'CLIENT_SECRET', 'ACCESS_TOKEN', 'REFRESH_TOKEN', 'TOKEN_EXPIRES_AT', 'REFRESH_TOKEN_EXPIRES_AT', 'API_VERSION']
2026-04-14 12:21:52,122 [INFO]   - Sabangnet: ['ROLLING_DAYS', 'SLACK_ENABLED', 'SLACK_WEBHOOK_URL', 'COMPANY_ID', 'AUTH_KEY', 'API_URL']
2026-04-14 12:21:52,123 [INFO]   - General: ['BATCH_SIZE']
2026-04-14 12:21:52,123 [INFO]   - MetaAdAPI: ['APP_ID', 'APP_SECRET', 'ACCESS_TOKEN', 'AD_ACCOUNTS', 'SLACK_WEBHOOK_URL']
2026-04-14 12:21:52,123 [INFO]   - NaverAdAPI: ['CUSTOMER_ID', 'ACCESS_LICENSE', 'SECRET_KEY', 'TARGET_CAMPAIGN_NAME', 'SLACK_WEBHOOK_URL']
2026-04-14 12:21:52,123 [INFO]   - Common: ['USD_TO_KRW_RATE', 'SLACK_WEBHOOK_URL_SALES', 'BOK_API_KEY']
2026-04-14 12:21:52,123 [INFO]   - GoogleKeywordAPI: ['developer_token', 'client_id', 'client_secret', 'refresh_token', 'manager_customer_id', 'default_customer_id', 'SLACK_WEBHOOK_URL']
2026-04-14 12:21:52,124 [INFO]   - NaverKeywordAPI: ['customer_id', 'access_license', 'secret_key', 'SLACK_WEBHOOK_URL']
2026-04-14 12:21:52,124 [INFO]   - API: ['YOUTUBE_API_KEY']
2026-04-14 12:21:52,124 [INFO]   - Gemini: ['GEMINI_API_KEY']
2026-04-14 12:21:52,124 [INFO]   - Notification: ['SlackWebhookURL']
2026-04-14 12:21:52,125 [INFO]   - FrogCafe24: ['MALL_ID', 'CLIENT_ID', 'CLIENT_SECRET', 'ACCESS_TOKEN', 'REFRESH_TOKEN', 'API_VERSION', 'ROLLING_DAYS', 'TOKEN_EXPIRES_AT', 'REFRESH_TOKEN_EXPIRES_AT']
2026-04-14 12:21:52,125 [INFO] [INFO] SystemConfig DB에서 Access Token 로드 완료
2026-04-14 12:21:52,125 [INFO] [INFO] Refresh Token으로 Access Token 갱신 시도
2026-04-14 12:21:52,484 [INFO] [SystemConfig] Cafe24.ACCESS_TOKEN 업데이트 완료
2026-04-14 12:21:52,532 [INFO] [SystemConfig] Cafe24.TOKEN_EXPIRES_AT 업데이트 완료
2026-04-14 12:21:52,579 [INFO] [SystemConfig] Cafe24.REFRESH_TOKEN 업데이트 완료
2026-04-14 12:21:52,633 [INFO] [SystemConfig] Cafe24.REFRESH_TOKEN_EXPIRES_AT 업데이트 완료
2026-04-14 12:21:52,645 [INFO] [INFO] 토큰 갱신 완료 (유효기간: 7200초)
2026-04-14 12:21:52,647 [INFO] [INFO] Access Token 갱신 성공
2026-04-14 12:22:18,819 [INFO]   성공: 수집 297건, Orders I/U 0/297, Details I/U 0/570
2026-04-14 12:22:19,820 [INFO] 
[68/94] 2025-10-13 ~ 2025-10-20
2026-04-14 12:22:19,821 [INFO] [SystemConfig] DB 연결 시도 (1/3)...
2026-04-14 12:22:19,847 [INFO] [SystemConfig] 로드 완료: 54건
2026-04-14 12:22:19,847 [INFO] [SystemConfig] 카테고리: ['Cafe24', 'Sabangnet', 'General', 'MetaAdAPI', 'NaverAdAPI', 'Common', 'GoogleKeywordAPI', 'NaverKeywordAPI', 'API', 'Gemini', 'Notification', 'FrogCafe24']
2026-04-14 12:22:19,848 [INFO]   - Cafe24: ['ROLLING_DAYS', 'SLACK_ENABLED', 'SLACK_WEBHOOK_URL', 'MALL_ID', 'CLIENT_ID', 'CLIENT_SECRET', 'ACCESS_TOKEN', 'REFRESH_TOKEN', 'TOKEN_EXPIRES_AT', 'REFRESH_TOKEN_EXPIRES_AT', 'API_VERSION']
2026-04-14 12:22:19,848 [INFO]   - Sabangnet: ['ROLLING_DAYS', 'SLACK_ENABLED', 'SLACK_WEBHOOK_URL', 'COMPANY_ID', 'AUTH_KEY', 'API_URL']
2026-04-14 12:22:19,849 [INFO]   - General: ['BATCH_SIZE']
2026-04-14 12:22:19,849 [INFO]   - MetaAdAPI: ['APP_ID', 'APP_SECRET', 'ACCESS_TOKEN', 'AD_ACCOUNTS', 'SLACK_WEBHOOK_URL']
2026-04-14 12:22:19,849 [INFO]   - NaverAdAPI: ['CUSTOMER_ID', 'ACCESS_LICENSE', 'SECRET_KEY', 'TARGET_CAMPAIGN_NAME', 'SLACK_WEBHOOK_URL']
2026-04-14 12:22:19,849 [INFO]   - Common: ['USD_TO_KRW_RATE', 'SLACK_WEBHOOK_URL_SALES', 'BOK_API_KEY']
2026-04-14 12:22:19,850 [INFO]   - GoogleKeywordAPI: ['developer_token', 'client_id', 'client_secret', 'refresh_token', 'manager_customer_id', 'default_customer_id', 'SLACK_WEBHOOK_URL']
2026-04-14 12:22:19,850 [INFO]   - NaverKeywordAPI: ['customer_id', 'access_license', 'secret_key', 'SLACK_WEBHOOK_URL']
2026-04-14 12:22:19,850 [INFO]   - API: ['YOUTUBE_API_KEY']
2026-04-14 12:22:19,851 [INFO]   - Gemini: ['GEMINI_API_KEY']
2026-04-14 12:22:19,851 [INFO]   - Notification: ['SlackWebhookURL']
2026-04-14 12:22:19,851 [INFO]   - FrogCafe24: ['MALL_ID', 'CLIENT_ID', 'CLIENT_SECRET', 'ACCESS_TOKEN', 'REFRESH_TOKEN', 'API_VERSION', 'ROLLING_DAYS', 'TOKEN_EXPIRES_AT', 'REFRESH_TOKEN_EXPIRES_AT']
2026-04-14 12:22:19,851 [INFO] [INFO] SystemConfig DB에서 Access Token 로드 완료
2026-04-14 12:22:19,851 [INFO] [INFO] Refresh Token으로 Access Token 갱신 시도
2026-04-14 12:22:20,203 [INFO] [SystemConfig] Cafe24.ACCESS_TOKEN 업데이트 완료
2026-04-14 12:22:20,248 [INFO] [SystemConfig] Cafe24.TOKEN_EXPIRES_AT 업데이트 완료
2026-04-14 12:22:20,291 [INFO] [SystemConfig] Cafe24.REFRESH_TOKEN 업데이트 완료
2026-04-14 12:22:20,335 [INFO] [SystemConfig] Cafe24.REFRESH_TOKEN_EXPIRES_AT 업데이트 완료
2026-04-14 12:22:20,348 [INFO] [INFO] 토큰 갱신 완료 (유효기간: 7200초)
2026-04-14 12:22:20,349 [INFO] [INFO] Access Token 갱신 성공
2026-04-14 12:22:48,906 [INFO]   성공: 수집 275건, Orders I/U 0/275, Details I/U 0/543
2026-04-14 12:22:49,909 [INFO] 
[69/94] 2025-10-20 ~ 2025-10-27
2026-04-14 12:22:49,909 [INFO] [SystemConfig] DB 연결 시도 (1/3)...
2026-04-14 12:22:49,941 [INFO] [SystemConfig] 로드 완료: 54건
2026-04-14 12:22:49,942 [INFO] [SystemConfig] 카테고리: ['Cafe24', 'Sabangnet', 'General', 'MetaAdAPI', 'NaverAdAPI', 'Common', 'GoogleKeywordAPI', 'NaverKeywordAPI', 'API', 'Gemini', 'Notification', 'FrogCafe24']
2026-04-14 12:22:49,942 [INFO]   - Cafe24: ['ROLLING_DAYS', 'SLACK_ENABLED', 'SLACK_WEBHOOK_URL', 'MALL_ID', 'CLIENT_ID', 'CLIENT_SECRET', 'ACCESS_TOKEN', 'REFRESH_TOKEN', 'TOKEN_EXPIRES_AT', 'REFRESH_TOKEN_EXPIRES_AT', 'API_VERSION']
2026-04-14 12:22:49,942 [INFO]   - Sabangnet: ['ROLLING_DAYS', 'SLACK_ENABLED', 'SLACK_WEBHOOK_URL', 'COMPANY_ID', 'AUTH_KEY', 'API_URL']
2026-04-14 12:22:49,942 [INFO]   - General: ['BATCH_SIZE']
2026-04-14 12:22:49,943 [INFO]   - MetaAdAPI: ['APP_ID', 'APP_SECRET', 'ACCESS_TOKEN', 'AD_ACCOUNTS', 'SLACK_WEBHOOK_URL']
2026-04-14 12:22:49,943 [INFO]   - NaverAdAPI: ['CUSTOMER_ID', 'ACCESS_LICENSE', 'SECRET_KEY', 'TARGET_CAMPAIGN_NAME', 'SLACK_WEBHOOK_URL']
2026-04-14 12:22:49,943 [INFO]   - Common: ['USD_TO_KRW_RATE', 'SLACK_WEBHOOK_URL_SALES', 'BOK_API_KEY']
2026-04-14 12:22:49,943 [INFO]   - GoogleKeywordAPI: ['developer_token', 'client_id', 'client_secret', 'refresh_token', 'manager_customer_id', 'default_customer_id', 'SLACK_WEBHOOK_URL']
2026-04-14 12:22:49,944 [INFO]   - NaverKeywordAPI: ['customer_id', 'access_license', 'secret_key', 'SLACK_WEBHOOK_URL']
2026-04-14 12:22:49,944 [INFO]   - API: ['YOUTUBE_API_KEY']
2026-04-14 12:22:49,944 [INFO]   - Gemini: ['GEMINI_API_KEY']
2026-04-14 12:22:49,945 [INFO]   - Notification: ['SlackWebhookURL']
2026-04-14 12:22:49,945 [INFO]   - FrogCafe24: ['MALL_ID', 'CLIENT_ID', 'CLIENT_SECRET', 'ACCESS_TOKEN', 'REFRESH_TOKEN', 'API_VERSION', 'ROLLING_DAYS', 'TOKEN_EXPIRES_AT', 'REFRESH_TOKEN_EXPIRES_AT']
2026-04-14 12:22:49,945 [INFO] [INFO] SystemConfig DB에서 Access Token 로드 완료
2026-04-14 12:22:49,945 [INFO] [INFO] Refresh Token으로 Access Token 갱신 시도
2026-04-14 12:22:50,307 [INFO] [SystemConfig] Cafe24.ACCESS_TOKEN 업데이트 완료
2026-04-14 12:22:50,366 [INFO] [SystemConfig] Cafe24.TOKEN_EXPIRES_AT 업데이트 완료
2026-04-14 12:22:50,433 [INFO] [SystemConfig] Cafe24.REFRESH_TOKEN 업데이트 완료
2026-04-14 12:22:50,496 [INFO] [SystemConfig] Cafe24.REFRESH_TOKEN_EXPIRES_AT 업데이트 완료
2026-04-14 12:22:50,513 [INFO] [INFO] 토큰 갱신 완료 (유효기간: 7200초)
2026-04-14 12:22:50,516 [INFO] [INFO] Access Token 갱신 성공
2026-04-14 12:23:13,195 [INFO]   성공: 수집 257건, Orders I/U 0/257, Details I/U 0/522
2026-04-14 12:23:14,196 [INFO] 
[70/94] 2025-10-27 ~ 2025-11-03
2026-04-14 12:23:14,197 [INFO] [SystemConfig] DB 연결 시도 (1/3)...
2026-04-14 12:23:14,222 [INFO] [SystemConfig] 로드 완료: 54건
2026-04-14 12:23:14,222 [INFO] [SystemConfig] 카테고리: ['Cafe24', 'Sabangnet', 'General', 'MetaAdAPI', 'NaverAdAPI', 'Common', 'GoogleKeywordAPI', 'NaverKeywordAPI', 'API', 'Gemini', 'Notification', 'FrogCafe24']
2026-04-14 12:23:14,223 [INFO]   - Cafe24: ['ROLLING_DAYS', 'SLACK_ENABLED', 'SLACK_WEBHOOK_URL', 'MALL_ID', 'CLIENT_ID', 'CLIENT_SECRET', 'ACCESS_TOKEN', 'REFRESH_TOKEN', 'TOKEN_EXPIRES_AT', 'REFRESH_TOKEN_EXPIRES_AT', 'API_VERSION']
2026-04-14 12:23:14,223 [INFO]   - Sabangnet: ['ROLLING_DAYS', 'SLACK_ENABLED', 'SLACK_WEBHOOK_URL', 'COMPANY_ID', 'AUTH_KEY', 'API_URL']
2026-04-14 12:23:14,223 [INFO]   - General: ['BATCH_SIZE']
2026-04-14 12:23:14,224 [INFO]   - MetaAdAPI: ['APP_ID', 'APP_SECRET', 'ACCESS_TOKEN', 'AD_ACCOUNTS', 'SLACK_WEBHOOK_URL']
2026-04-14 12:23:14,224 [INFO]   - NaverAdAPI: ['CUSTOMER_ID', 'ACCESS_LICENSE', 'SECRET_KEY', 'TARGET_CAMPAIGN_NAME', 'SLACK_WEBHOOK_URL']
2026-04-14 12:23:14,224 [INFO]   - Common: ['USD_TO_KRW_RATE', 'SLACK_WEBHOOK_URL_SALES', 'BOK_API_KEY']
2026-04-14 12:23:14,224 [INFO]   - GoogleKeywordAPI: ['developer_token', 'client_id', 'client_secret', 'refresh_token', 'manager_customer_id', 'default_customer_id', 'SLACK_WEBHOOK_URL']
2026-04-14 12:23:14,225 [INFO]   - NaverKeywordAPI: ['customer_id', 'access_license', 'secret_key', 'SLACK_WEBHOOK_URL']
2026-04-14 12:23:14,225 [INFO]   - API: ['YOUTUBE_API_KEY']
2026-04-14 12:23:14,225 [INFO]   - Gemini: ['GEMINI_API_KEY']
2026-04-14 12:23:14,225 [INFO]   - Notification: ['SlackWebhookURL']
2026-04-14 12:23:14,226 [INFO]   - FrogCafe24: ['MALL_ID', 'CLIENT_ID', 'CLIENT_SECRET', 'ACCESS_TOKEN', 'REFRESH_TOKEN', 'API_VERSION', 'ROLLING_DAYS', 'TOKEN_EXPIRES_AT', 'REFRESH_TOKEN_EXPIRES_AT']
2026-04-14 12:23:14,226 [INFO] [INFO] SystemConfig DB에서 Access Token 로드 완료
2026-04-14 12:23:14,226 [INFO] [INFO] Refresh Token으로 Access Token 갱신 시도
2026-04-14 12:23:14,574 [INFO] [SystemConfig] Cafe24.ACCESS_TOKEN 업데이트 완료
2026-04-14 12:23:14,625 [INFO] [SystemConfig] Cafe24.TOKEN_EXPIRES_AT 업데이트 완료
2026-04-14 12:23:14,680 [INFO] [SystemConfig] Cafe24.REFRESH_TOKEN 업데이트 완료
2026-04-14 12:23:14,732 [INFO] [SystemConfig] Cafe24.REFRESH_TOKEN_EXPIRES_AT 업데이트 완료
2026-04-14 12:23:14,745 [INFO] [INFO] 토큰 갱신 완료 (유효기간: 7200초)
2026-04-14 12:23:14,748 [INFO] [INFO] Access Token 갱신 성공
2026-04-14 12:23:57,516 [INFO]   성공: 수집 431건, Orders I/U 0/431, Details I/U 0/880
2026-04-14 12:23:58,518 [INFO] 
[71/94] 2025-11-03 ~ 2025-11-10
2026-04-14 12:23:58,519 [INFO] [SystemConfig] DB 연결 시도 (1/3)...
2026-04-14 12:23:58,542 [INFO] [SystemConfig] 로드 완료: 54건
2026-04-14 12:23:58,543 [INFO] [SystemConfig] 카테고리: ['Cafe24', 'Sabangnet', 'General', 'MetaAdAPI', 'NaverAdAPI', 'Common', 'GoogleKeywordAPI', 'NaverKeywordAPI', 'API', 'Gemini', 'Notification', 'FrogCafe24']
2026-04-14 12:23:58,543 [INFO]   - Cafe24: ['ROLLING_DAYS', 'SLACK_ENABLED', 'SLACK_WEBHOOK_URL', 'MALL_ID', 'CLIENT_ID', 'CLIENT_SECRET', 'ACCESS_TOKEN', 'REFRESH_TOKEN', 'TOKEN_EXPIRES_AT', 'REFRESH_TOKEN_EXPIRES_AT', 'API_VERSION']
2026-04-14 12:23:58,544 [INFO]   - Sabangnet: ['ROLLING_DAYS', 'SLACK_ENABLED', 'SLACK_WEBHOOK_URL', 'COMPANY_ID', 'AUTH_KEY', 'API_URL']
2026-04-14 12:23:58,544 [INFO]   - General: ['BATCH_SIZE']
2026-04-14 12:23:58,544 [INFO]   - MetaAdAPI: ['APP_ID', 'APP_SECRET', 'ACCESS_TOKEN', 'AD_ACCOUNTS', 'SLACK_WEBHOOK_URL']
2026-04-14 12:23:58,544 [INFO]   - NaverAdAPI: ['CUSTOMER_ID', 'ACCESS_LICENSE', 'SECRET_KEY', 'TARGET_CAMPAIGN_NAME', 'SLACK_WEBHOOK_URL']
2026-04-14 12:23:58,544 [INFO]   - Common: ['USD_TO_KRW_RATE', 'SLACK_WEBHOOK_URL_SALES', 'BOK_API_KEY']
2026-04-14 12:23:58,545 [INFO]   - GoogleKeywordAPI: ['developer_token', 'client_id', 'client_secret', 'refresh_token', 'manager_customer_id', 'default_customer_id', 'SLACK_WEBHOOK_URL']
2026-04-14 12:23:58,545 [INFO]   - NaverKeywordAPI: ['customer_id', 'access_license', 'secret_key', 'SLACK_WEBHOOK_URL']
2026-04-14 12:23:58,545 [INFO]   - API: ['YOUTUBE_API_KEY']
2026-04-14 12:23:58,546 [INFO]   - Gemini: ['GEMINI_API_KEY']
2026-04-14 12:23:58,546 [INFO]   - Notification: ['SlackWebhookURL']
2026-04-14 12:23:58,546 [INFO]   - FrogCafe24: ['MALL_ID', 'CLIENT_ID', 'CLIENT_SECRET', 'ACCESS_TOKEN', 'REFRESH_TOKEN', 'API_VERSION', 'ROLLING_DAYS', 'TOKEN_EXPIRES_AT', 'REFRESH_TOKEN_EXPIRES_AT']
2026-04-14 12:23:58,546 [INFO] [INFO] SystemConfig DB에서 Access Token 로드 완료
2026-04-14 12:23:58,547 [INFO] [INFO] Refresh Token으로 Access Token 갱신 시도
2026-04-14 12:23:58,910 [INFO] [SystemConfig] Cafe24.ACCESS_TOKEN 업데이트 완료
2026-04-14 12:23:58,956 [INFO] [SystemConfig] Cafe24.TOKEN_EXPIRES_AT 업데이트 완료
2026-04-14 12:23:58,998 [INFO] [SystemConfig] Cafe24.REFRESH_TOKEN 업데이트 완료
2026-04-14 12:23:59,042 [INFO] [SystemConfig] Cafe24.REFRESH_TOKEN_EXPIRES_AT 업데이트 완료
2026-04-14 12:23:59,054 [INFO] [INFO] 토큰 갱신 완료 (유효기간: 7200초)
2026-04-14 12:23:59,056 [INFO] [INFO] Access Token 갱신 성공
2026-04-14 12:24:29,260 [INFO]   성공: 수집 303건, Orders I/U 0/303, Details I/U 0/664
2026-04-14 12:24:30,261 [INFO] 
[72/94] 2025-11-10 ~ 2025-11-17
2026-04-14 12:24:30,261 [INFO] [SystemConfig] DB 연결 시도 (1/3)...
2026-04-14 12:24:30,287 [INFO] [SystemConfig] 로드 완료: 54건
2026-04-14 12:24:30,287 [INFO] [SystemConfig] 카테고리: ['Cafe24', 'Sabangnet', 'General', 'MetaAdAPI', 'NaverAdAPI', 'Common', 'GoogleKeywordAPI', 'NaverKeywordAPI', 'API', 'Gemini', 'Notification', 'FrogCafe24']
2026-04-14 12:24:30,287 [INFO]   - Cafe24: ['ROLLING_DAYS', 'SLACK_ENABLED', 'SLACK_WEBHOOK_URL', 'MALL_ID', 'CLIENT_ID', 'CLIENT_SECRET', 'ACCESS_TOKEN', 'REFRESH_TOKEN', 'TOKEN_EXPIRES_AT', 'REFRESH_TOKEN_EXPIRES_AT', 'API_VERSION']
2026-04-14 12:24:30,287 [INFO]   - Sabangnet: ['ROLLING_DAYS', 'SLACK_ENABLED', 'SLACK_WEBHOOK_URL', 'COMPANY_ID', 'AUTH_KEY', 'API_URL']
2026-04-14 12:24:30,288 [INFO]   - General: ['BATCH_SIZE']
2026-04-14 12:24:30,288 [INFO]   - MetaAdAPI: ['APP_ID', 'APP_SECRET', 'ACCESS_TOKEN', 'AD_ACCOUNTS', 'SLACK_WEBHOOK_URL']
2026-04-14 12:24:30,288 [INFO]   - NaverAdAPI: ['CUSTOMER_ID', 'ACCESS_LICENSE', 'SECRET_KEY', 'TARGET_CAMPAIGN_NAME', 'SLACK_WEBHOOK_URL']
2026-04-14 12:24:30,288 [INFO]   - Common: ['USD_TO_KRW_RATE', 'SLACK_WEBHOOK_URL_SALES', 'BOK_API_KEY']
2026-04-14 12:24:30,289 [INFO]   - GoogleKeywordAPI: ['developer_token', 'client_id', 'client_secret', 'refresh_token', 'manager_customer_id', 'default_customer_id', 'SLACK_WEBHOOK_URL']
2026-04-14 12:24:30,289 [INFO]   - NaverKeywordAPI: ['customer_id', 'access_license', 'secret_key', 'SLACK_WEBHOOK_URL']
2026-04-14 12:24:30,289 [INFO]   - API: ['YOUTUBE_API_KEY']
2026-04-14 12:24:30,289 [INFO]   - Gemini: ['GEMINI_API_KEY']
2026-04-14 12:24:30,289 [INFO]   - Notification: ['SlackWebhookURL']
2026-04-14 12:24:30,290 [INFO]   - FrogCafe24: ['MALL_ID', 'CLIENT_ID', 'CLIENT_SECRET', 'ACCESS_TOKEN', 'REFRESH_TOKEN', 'API_VERSION', 'ROLLING_DAYS', 'TOKEN_EXPIRES_AT', 'REFRESH_TOKEN_EXPIRES_AT']
2026-04-14 12:24:30,290 [INFO] [INFO] SystemConfig DB에서 Access Token 로드 완료
2026-04-14 12:24:30,290 [INFO] [INFO] Refresh Token으로 Access Token 갱신 시도
2026-04-14 12:24:30,644 [INFO] [SystemConfig] Cafe24.ACCESS_TOKEN 업데이트 완료
2026-04-14 12:24:30,691 [INFO] [SystemConfig] Cafe24.TOKEN_EXPIRES_AT 업데이트 완료
2026-04-14 12:24:30,741 [INFO] [SystemConfig] Cafe24.REFRESH_TOKEN 업데이트 완료
2026-04-14 12:24:30,788 [INFO] [SystemConfig] Cafe24.REFRESH_TOKEN_EXPIRES_AT 업데이트 완료
2026-04-14 12:24:30,799 [INFO] [INFO] 토큰 갱신 완료 (유효기간: 7200초)
2026-04-14 12:24:30,801 [INFO] [INFO] Access Token 갱신 성공
2026-04-14 12:25:12,605 [INFO]   성공: 수집 461건, Orders I/U 0/461, Details I/U 0/971
2026-04-14 12:25:13,607 [INFO] 
[73/94] 2025-11-17 ~ 2025-11-24
2026-04-14 12:25:13,608 [INFO] [SystemConfig] DB 연결 시도 (1/3)...
2026-04-14 12:25:13,633 [INFO] [SystemConfig] 로드 완료: 54건
2026-04-14 12:25:13,634 [INFO] [SystemConfig] 카테고리: ['Cafe24', 'Sabangnet', 'General', 'MetaAdAPI', 'NaverAdAPI', 'Common', 'GoogleKeywordAPI', 'NaverKeywordAPI', 'API', 'Gemini', 'Notification', 'FrogCafe24']
2026-04-14 12:25:13,634 [INFO]   - Cafe24: ['ROLLING_DAYS', 'SLACK_ENABLED', 'SLACK_WEBHOOK_URL', 'MALL_ID', 'CLIENT_ID', 'CLIENT_SECRET', 'ACCESS_TOKEN', 'REFRESH_TOKEN', 'TOKEN_EXPIRES_AT', 'REFRESH_TOKEN_EXPIRES_AT', 'API_VERSION']
2026-04-14 12:25:13,634 [INFO]   - Sabangnet: ['ROLLING_DAYS', 'SLACK_ENABLED', 'SLACK_WEBHOOK_URL', 'COMPANY_ID', 'AUTH_KEY', 'API_URL']
2026-04-14 12:25:13,634 [INFO]   - General: ['BATCH_SIZE']
2026-04-14 12:25:13,634 [INFO]   - MetaAdAPI: ['APP_ID', 'APP_SECRET', 'ACCESS_TOKEN', 'AD_ACCOUNTS', 'SLACK_WEBHOOK_URL']
2026-04-14 12:25:13,634 [INFO]   - NaverAdAPI: ['CUSTOMER_ID', 'ACCESS_LICENSE', 'SECRET_KEY', 'TARGET_CAMPAIGN_NAME', 'SLACK_WEBHOOK_URL']
2026-04-14 12:25:13,635 [INFO]   - Common: ['USD_TO_KRW_RATE', 'SLACK_WEBHOOK_URL_SALES', 'BOK_API_KEY']
2026-04-14 12:25:13,635 [INFO]   - GoogleKeywordAPI: ['developer_token', 'client_id', 'client_secret', 'refresh_token', 'manager_customer_id', 'default_customer_id', 'SLACK_WEBHOOK_URL']
2026-04-14 12:25:13,635 [INFO]   - NaverKeywordAPI: ['customer_id', 'access_license', 'secret_key', 'SLACK_WEBHOOK_URL']
2026-04-14 12:25:13,636 [INFO]   - API: ['YOUTUBE_API_KEY']
2026-04-14 12:25:13,636 [INFO]   - Gemini: ['GEMINI_API_KEY']
2026-04-14 12:25:13,636 [INFO]   - Notification: ['SlackWebhookURL']
2026-04-14 12:25:13,636 [INFO]   - FrogCafe24: ['MALL_ID', 'CLIENT_ID', 'CLIENT_SECRET', 'ACCESS_TOKEN', 'REFRESH_TOKEN', 'API_VERSION', 'ROLLING_DAYS', 'TOKEN_EXPIRES_AT', 'REFRESH_TOKEN_EXPIRES_AT']
2026-04-14 12:25:13,636 [INFO] [INFO] SystemConfig DB에서 Access Token 로드 완료
2026-04-14 12:25:13,637 [INFO] [INFO] Refresh Token으로 Access Token 갱신 시도
2026-04-14 12:25:13,996 [INFO] [SystemConfig] Cafe24.ACCESS_TOKEN 업데이트 완료
2026-04-14 12:25:14,040 [INFO] [SystemConfig] Cafe24.TOKEN_EXPIRES_AT 업데이트 완료
2026-04-14 12:25:14,086 [INFO] [SystemConfig] Cafe24.REFRESH_TOKEN 업데이트 완료
2026-04-14 12:25:14,130 [INFO] [SystemConfig] Cafe24.REFRESH_TOKEN_EXPIRES_AT 업데이트 완료
2026-04-14 12:25:14,147 [INFO] [INFO] 토큰 갱신 완료 (유효기간: 7200초)
2026-04-14 12:25:14,148 [INFO] [INFO] Access Token 갱신 성공
2026-04-14 12:26:19,101 [INFO]   성공: 수집 730건, Orders I/U 0/730, Details I/U 0/1495
2026-04-14 12:26:20,103 [INFO] 
[74/94] 2025-11-24 ~ 2025-12-01
2026-04-14 12:26:20,103 [INFO] [SystemConfig] DB 연결 시도 (1/3)...
2026-04-14 12:26:20,126 [INFO] [SystemConfig] 로드 완료: 54건
2026-04-14 12:26:20,126 [INFO] [SystemConfig] 카테고리: ['Cafe24', 'Sabangnet', 'General', 'MetaAdAPI', 'NaverAdAPI', 'Common', 'GoogleKeywordAPI', 'NaverKeywordAPI', 'API', 'Gemini', 'Notification', 'FrogCafe24']
2026-04-14 12:26:20,127 [INFO]   - Cafe24: ['ROLLING_DAYS', 'SLACK_ENABLED', 'SLACK_WEBHOOK_URL', 'MALL_ID', 'CLIENT_ID', 'CLIENT_SECRET', 'ACCESS_TOKEN', 'REFRESH_TOKEN', 'TOKEN_EXPIRES_AT', 'REFRESH_TOKEN_EXPIRES_AT', 'API_VERSION']
2026-04-14 12:26:20,127 [INFO]   - Sabangnet: ['ROLLING_DAYS', 'SLACK_ENABLED', 'SLACK_WEBHOOK_URL', 'COMPANY_ID', 'AUTH_KEY', 'API_URL']
2026-04-14 12:26:20,127 [INFO]   - General: ['BATCH_SIZE']
2026-04-14 12:26:20,127 [INFO]   - MetaAdAPI: ['APP_ID', 'APP_SECRET', 'ACCESS_TOKEN', 'AD_ACCOUNTS', 'SLACK_WEBHOOK_URL']
2026-04-14 12:26:20,127 [INFO]   - NaverAdAPI: ['CUSTOMER_ID', 'ACCESS_LICENSE', 'SECRET_KEY', 'TARGET_CAMPAIGN_NAME', 'SLACK_WEBHOOK_URL']
2026-04-14 12:26:20,127 [INFO]   - Common: ['USD_TO_KRW_RATE', 'SLACK_WEBHOOK_URL_SALES', 'BOK_API_KEY']
2026-04-14 12:26:20,128 [INFO]   - GoogleKeywordAPI: ['developer_token', 'client_id', 'client_secret', 'refresh_token', 'manager_customer_id', 'default_customer_id', 'SLACK_WEBHOOK_URL']
2026-04-14 12:26:20,128 [INFO]   - NaverKeywordAPI: ['customer_id', 'access_license', 'secret_key', 'SLACK_WEBHOOK_URL']
2026-04-14 12:26:20,128 [INFO]   - API: ['YOUTUBE_API_KEY']
2026-04-14 12:26:20,129 [INFO]   - Gemini: ['GEMINI_API_KEY']
2026-04-14 12:26:20,129 [INFO]   - Notification: ['SlackWebhookURL']
2026-04-14 12:26:20,129 [INFO]   - FrogCafe24: ['MALL_ID', 'CLIENT_ID', 'CLIENT_SECRET', 'ACCESS_TOKEN', 'REFRESH_TOKEN', 'API_VERSION', 'ROLLING_DAYS', 'TOKEN_EXPIRES_AT', 'REFRESH_TOKEN_EXPIRES_AT']
2026-04-14 12:26:20,129 [INFO] [INFO] SystemConfig DB에서 Access Token 로드 완료
2026-04-14 12:26:20,130 [INFO] [INFO] Refresh Token으로 Access Token 갱신 시도
2026-04-14 12:26:20,491 [INFO] [SystemConfig] Cafe24.ACCESS_TOKEN 업데이트 완료
2026-04-14 12:26:20,537 [INFO] [SystemConfig] Cafe24.TOKEN_EXPIRES_AT 업데이트 완료
2026-04-14 12:26:20,583 [INFO] [SystemConfig] Cafe24.REFRESH_TOKEN 업데이트 완료
2026-04-14 12:26:20,628 [INFO] [SystemConfig] Cafe24.REFRESH_TOKEN_EXPIRES_AT 업데이트 완료
2026-04-14 12:26:20,639 [INFO] [INFO] 토큰 갱신 완료 (유효기간: 7200초)
2026-04-14 12:26:20,642 [INFO] [INFO] Access Token 갱신 성공
2026-04-14 13:01:30,392 [WARNING]   [시도 1/3] 실패: ('08S01', '[08S01] [Microsoft][ODBC Driver 17 for SQL Server]통신 연결 오류입니다. (-2147467259) (SQLEndTran)')
2026-04-14 13:01:30,392 [INFO]   15초 대기 후 재시도...
2026-04-14 13:01:45,401 [INFO] [SystemConfig] DB 연결 시도 (1/3)...
2026-04-14 13:02:00,430 [WARNING] [DB] 연결 실패 (시도 1/3): ('08001', '[08001] [Microsoft][ODBC Driver 17 for SQL Server]TCP 공급자: 시간 초과 오류입니다. [258].  (258) (SQLDriverConnect); [08001] [Microsoft][ODBC Driver 17 for SQL Server]로그인 제한 시간이 만료되었습니다. (0); [08001] [Microsoft][ODBC Driver 17 for SQL Server]잘못된 연결 문자열 특성입니다. (0); [08001] [Microsoft][ODBC Driver 17 for SQL Server]로그인 응답에 지연이 발생하여 로그인 프로세스를 완료할 수 없습니다. (258)')
2026-04-14 13:02:00,430 [INFO] [DB] 5초 후 재시도...
2026-04-14 13:02:20,470 [WARNING] [DB] 연결 실패 (시도 2/3): ('08001', '[08001] [Microsoft][ODBC Driver 17 for SQL Server]TCP 공급자: 시간 초과 오류입니다. [258].  (258) (SQLDriverConnect); [08001] [Microsoft][ODBC Driver 17 for SQL Server]로그인 제한 시간이 만료되었습니다. (0); [08001] [Microsoft][ODBC Driver 17 for SQL Server]잘못된 연결 문자열 특성입니다. (0); [08001] [Microsoft][ODBC Driver 17 for SQL Server]로그인 응답에 지연이 발생하여 로그인 프로세스를 완료할 수 없습니다. (258)')
2026-04-14 13:02:20,471 [INFO] [DB] 5초 후 재시도...
2026-04-14 13:02:30,770 [INFO] [DB] 연결 성공 (시도 3/3)
2026-04-14 13:02:30,880 [INFO] [SystemConfig] 로드 완료: 54건
2026-04-14 13:02:30,880 [INFO] [SystemConfig] 카테고리: ['Cafe24', 'Sabangnet', 'General', 'MetaAdAPI', 'NaverAdAPI', 'Common', 'GoogleKeywordAPI', 'NaverKeywordAPI', 'API', 'Gemini', 'Notification', 'FrogCafe24']
2026-04-14 13:02:30,880 [INFO]   - Cafe24: ['ROLLING_DAYS', 'SLACK_ENABLED', 'SLACK_WEBHOOK_URL', 'MALL_ID', 'CLIENT_ID', 'CLIENT_SECRET', 'ACCESS_TOKEN', 'REFRESH_TOKEN', 'TOKEN_EXPIRES_AT', 'REFRESH_TOKEN_EXPIRES_AT', 'API_VERSION']
2026-04-14 13:02:30,880 [INFO]   - Sabangnet: ['ROLLING_DAYS', 'SLACK_ENABLED', 'SLACK_WEBHOOK_URL', 'COMPANY_ID', 'AUTH_KEY', 'API_URL']
2026-04-14 13:02:30,880 [INFO]   - General: ['BATCH_SIZE']
2026-04-14 13:02:30,880 [INFO]   - MetaAdAPI: ['APP_ID', 'APP_SECRET', 'ACCESS_TOKEN', 'AD_ACCOUNTS', 'SLACK_WEBHOOK_URL']
2026-04-14 13:02:30,881 [INFO]   - NaverAdAPI: ['CUSTOMER_ID', 'ACCESS_LICENSE', 'SECRET_KEY', 'TARGET_CAMPAIGN_NAME', 'SLACK_WEBHOOK_URL']
2026-04-14 13:02:30,881 [INFO]   - Common: ['USD_TO_KRW_RATE', 'SLACK_WEBHOOK_URL_SALES', 'BOK_API_KEY']
2026-04-14 13:02:30,881 [INFO]   - GoogleKeywordAPI: ['developer_token', 'client_id', 'client_secret', 'refresh_token', 'manager_customer_id', 'default_customer_id', 'SLACK_WEBHOOK_URL']
2026-04-14 13:02:30,881 [INFO]   - NaverKeywordAPI: ['customer_id', 'access_license', 'secret_key', 'SLACK_WEBHOOK_URL']
2026-04-14 13:02:30,881 [INFO]   - API: ['YOUTUBE_API_KEY']
2026-04-14 13:02:30,881 [INFO]   - Gemini: ['GEMINI_API_KEY']
2026-04-14 13:02:30,881 [INFO]   - Notification: ['SlackWebhookURL']
2026-04-14 13:02:30,881 [INFO]   - FrogCafe24: ['MALL_ID', 'CLIENT_ID', 'CLIENT_SECRET', 'ACCESS_TOKEN', 'REFRESH_TOKEN', 'API_VERSION', 'ROLLING_DAYS', 'TOKEN_EXPIRES_AT', 'REFRESH_TOKEN_EXPIRES_AT']
2026-04-14 13:02:30,881 [INFO] [INFO] SystemConfig DB에서 Access Token 로드 완료
2026-04-14 13:02:30,881 [INFO] [INFO] Refresh Token으로 Access Token 갱신 시도
2026-04-14 13:02:31,345 [INFO] [SystemConfig] Cafe24.ACCESS_TOKEN 업데이트 완료
2026-04-14 13:02:31,400 [INFO] [SystemConfig] Cafe24.TOKEN_EXPIRES_AT 업데이트 완료
2026-04-14 13:02:31,457 [INFO] [SystemConfig] Cafe24.REFRESH_TOKEN 업데이트 완료
2026-04-14 13:02:31,526 [INFO] [SystemConfig] Cafe24.REFRESH_TOKEN_EXPIRES_AT 업데이트 완료
2026-04-14 13:02:31,536 [INFO] [INFO] 토큰 갱신 완료 (유효기간: 7200초)
2026-04-14 13:02:31,537 [INFO] [INFO] Access Token 갱신 성공
2026-04-14 13:05:11,299 [INFO]   성공: 수집 1678건, Orders I/U 0/1678, Details I/U 1/3294
2026-04-14 13:05:12,301 [INFO] 
[75/94] 2025-12-01 ~ 2025-12-08
2026-04-14 13:05:12,301 [INFO] [SystemConfig] DB 연결 시도 (1/3)...
2026-04-14 13:05:12,326 [INFO] [SystemConfig] 로드 완료: 54건
2026-04-14 13:05:12,326 [INFO] [SystemConfig] 카테고리: ['Cafe24', 'Sabangnet', 'General', 'MetaAdAPI', 'NaverAdAPI', 'Common', 'GoogleKeywordAPI', 'NaverKeywordAPI', 'API', 'Gemini', 'Notification', 'FrogCafe24']
2026-04-14 13:05:12,326 [INFO]   - Cafe24: ['ROLLING_DAYS', 'SLACK_ENABLED', 'SLACK_WEBHOOK_URL', 'MALL_ID', 'CLIENT_ID', 'CLIENT_SECRET', 'ACCESS_TOKEN', 'REFRESH_TOKEN', 'TOKEN_EXPIRES_AT', 'REFRESH_TOKEN_EXPIRES_AT', 'API_VERSION']
2026-04-14 13:05:12,327 [INFO]   - Sabangnet: ['ROLLING_DAYS', 'SLACK_ENABLED', 'SLACK_WEBHOOK_URL', 'COMPANY_ID', 'AUTH_KEY', 'API_URL']
2026-04-14 13:05:12,327 [INFO]   - General: ['BATCH_SIZE']
2026-04-14 13:05:12,327 [INFO]   - MetaAdAPI: ['APP_ID', 'APP_SECRET', 'ACCESS_TOKEN', 'AD_ACCOUNTS', 'SLACK_WEBHOOK_URL']
2026-04-14 13:05:12,328 [INFO]   - NaverAdAPI: ['CUSTOMER_ID', 'ACCESS_LICENSE', 'SECRET_KEY', 'TARGET_CAMPAIGN_NAME', 'SLACK_WEBHOOK_URL']
2026-04-14 13:05:12,328 [INFO]   - Common: ['USD_TO_KRW_RATE', 'SLACK_WEBHOOK_URL_SALES', 'BOK_API_KEY']
2026-04-14 13:05:12,328 [INFO]   - GoogleKeywordAPI: ['developer_token', 'client_id', 'client_secret', 'refresh_token', 'manager_customer_id', 'default_customer_id', 'SLACK_WEBHOOK_URL']
2026-04-14 13:05:12,328 [INFO]   - NaverKeywordAPI: ['customer_id', 'access_license', 'secret_key', 'SLACK_WEBHOOK_URL']
2026-04-14 13:05:12,329 [INFO]   - API: ['YOUTUBE_API_KEY']
2026-04-14 13:05:12,329 [INFO]   - Gemini: ['GEMINI_API_KEY']
2026-04-14 13:05:12,329 [INFO]   - Notification: ['SlackWebhookURL']
2026-04-14 13:05:12,329 [INFO]   - FrogCafe24: ['MALL_ID', 'CLIENT_ID', 'CLIENT_SECRET', 'ACCESS_TOKEN', 'REFRESH_TOKEN', 'API_VERSION', 'ROLLING_DAYS', 'TOKEN_EXPIRES_AT', 'REFRESH_TOKEN_EXPIRES_AT']
2026-04-14 13:05:12,330 [INFO] [INFO] SystemConfig DB에서 Access Token 로드 완료
2026-04-14 13:05:12,330 [INFO] [INFO] Refresh Token으로 Access Token 갱신 시도
2026-04-14 13:05:12,674 [INFO] [SystemConfig] Cafe24.ACCESS_TOKEN 업데이트 완료
2026-04-14 13:05:12,720 [INFO] [SystemConfig] Cafe24.TOKEN_EXPIRES_AT 업데이트 완료
2026-04-14 13:05:12,766 [INFO] [SystemConfig] Cafe24.REFRESH_TOKEN 업데이트 완료
2026-04-14 13:05:12,808 [INFO] [SystemConfig] Cafe24.REFRESH_TOKEN_EXPIRES_AT 업데이트 완료
2026-04-14 13:05:12,820 [INFO] [INFO] 토큰 갱신 완료 (유효기간: 7200초)
2026-04-14 13:05:12,821 [INFO] [INFO] Access Token 갱신 성공
2026-04-14 13:05:55,883 [INFO]   성공: 수집 441건, Orders I/U 0/441, Details I/U 1/846
2026-04-14 13:05:56,884 [INFO] 
[76/94] 2025-12-08 ~ 2025-12-15
2026-04-14 13:05:56,884 [INFO] [SystemConfig] DB 연결 시도 (1/3)...
2026-04-14 13:05:56,942 [INFO] [SystemConfig] 로드 완료: 54건
2026-04-14 13:05:56,944 [INFO] [SystemConfig] 카테고리: ['Cafe24', 'Sabangnet', 'General', 'MetaAdAPI', 'NaverAdAPI', 'Common', 'GoogleKeywordAPI', 'NaverKeywordAPI', 'API', 'Gemini', 'Notification', 'FrogCafe24']
2026-04-14 13:05:56,944 [INFO]   - Cafe24: ['ROLLING_DAYS', 'SLACK_ENABLED', 'SLACK_WEBHOOK_URL', 'MALL_ID', 'CLIENT_ID', 'CLIENT_SECRET', 'ACCESS_TOKEN', 'REFRESH_TOKEN', 'TOKEN_EXPIRES_AT', 'REFRESH_TOKEN_EXPIRES_AT', 'API_VERSION']
2026-04-14 13:05:56,945 [INFO]   - Sabangnet: ['ROLLING_DAYS', 'SLACK_ENABLED', 'SLACK_WEBHOOK_URL', 'COMPANY_ID', 'AUTH_KEY', 'API_URL']
2026-04-14 13:05:56,945 [INFO]   - General: ['BATCH_SIZE']
2026-04-14 13:05:56,945 [INFO]   - MetaAdAPI: ['APP_ID', 'APP_SECRET', 'ACCESS_TOKEN', 'AD_ACCOUNTS', 'SLACK_WEBHOOK_URL']
2026-04-14 13:05:56,945 [INFO]   - NaverAdAPI: ['CUSTOMER_ID', 'ACCESS_LICENSE', 'SECRET_KEY', 'TARGET_CAMPAIGN_NAME', 'SLACK_WEBHOOK_URL']
2026-04-14 13:05:56,946 [INFO]   - Common: ['USD_TO_KRW_RATE', 'SLACK_WEBHOOK_URL_SALES', 'BOK_API_KEY']
2026-04-14 13:05:56,946 [INFO]   - GoogleKeywordAPI: ['developer_token', 'client_id', 'client_secret', 'refresh_token', 'manager_customer_id', 'default_customer_id', 'SLACK_WEBHOOK_URL']
2026-04-14 13:05:56,946 [INFO]   - NaverKeywordAPI: ['customer_id', 'access_license', 'secret_key', 'SLACK_WEBHOOK_URL']
2026-04-14 13:05:56,947 [INFO]   - API: ['YOUTUBE_API_KEY']
2026-04-14 13:05:56,947 [INFO]   - Gemini: ['GEMINI_API_KEY']
2026-04-14 13:05:56,947 [INFO]   - Notification: ['SlackWebhookURL']
2026-04-14 13:05:56,947 [INFO]   - FrogCafe24: ['MALL_ID', 'CLIENT_ID', 'CLIENT_SECRET', 'ACCESS_TOKEN', 'REFRESH_TOKEN', 'API_VERSION', 'ROLLING_DAYS', 'TOKEN_EXPIRES_AT', 'REFRESH_TOKEN_EXPIRES_AT']
2026-04-14 13:05:56,948 [INFO] [INFO] SystemConfig DB에서 Access Token 로드 완료
2026-04-14 13:05:56,948 [INFO] [INFO] Refresh Token으로 Access Token 갱신 시도
2026-04-14 13:05:57,291 [INFO] [SystemConfig] Cafe24.ACCESS_TOKEN 업데이트 완료
2026-04-14 13:05:57,374 [INFO] [SystemConfig] Cafe24.TOKEN_EXPIRES_AT 업데이트 완료
2026-04-14 13:05:57,420 [INFO] [SystemConfig] Cafe24.REFRESH_TOKEN 업데이트 완료
2026-04-14 13:05:57,472 [INFO] [SystemConfig] Cafe24.REFRESH_TOKEN_EXPIRES_AT 업데이트 완료
2026-04-14 13:05:57,503 [INFO] [INFO] 토큰 갱신 완료 (유효기간: 7200초)
2026-04-14 13:05:57,504 [INFO] [INFO] Access Token 갱신 성공
2026-04-14 13:07:07,622 [INFO]   성공: 수집 851건, Orders I/U 0/851, Details I/U 0/1230
2026-04-14 13:07:08,623 [INFO] 
[77/94] 2025-12-15 ~ 2025-12-22
2026-04-14 13:07:08,624 [INFO] [SystemConfig] DB 연결 시도 (1/3)...
2026-04-14 13:07:08,651 [INFO] [SystemConfig] 로드 완료: 54건
2026-04-14 13:07:08,651 [INFO] [SystemConfig] 카테고리: ['Cafe24', 'Sabangnet', 'General', 'MetaAdAPI', 'NaverAdAPI', 'Common', 'GoogleKeywordAPI', 'NaverKeywordAPI', 'API', 'Gemini', 'Notification', 'FrogCafe24']
2026-04-14 13:07:08,651 [INFO]   - Cafe24: ['ROLLING_DAYS', 'SLACK_ENABLED', 'SLACK_WEBHOOK_URL', 'MALL_ID', 'CLIENT_ID', 'CLIENT_SECRET', 'ACCESS_TOKEN', 'REFRESH_TOKEN', 'TOKEN_EXPIRES_AT', 'REFRESH_TOKEN_EXPIRES_AT', 'API_VERSION']
2026-04-14 13:07:08,652 [INFO]   - Sabangnet: ['ROLLING_DAYS', 'SLACK_ENABLED', 'SLACK_WEBHOOK_URL', 'COMPANY_ID', 'AUTH_KEY', 'API_URL']
2026-04-14 13:07:08,652 [INFO]   - General: ['BATCH_SIZE']
2026-04-14 13:07:08,652 [INFO]   - MetaAdAPI: ['APP_ID', 'APP_SECRET', 'ACCESS_TOKEN', 'AD_ACCOUNTS', 'SLACK_WEBHOOK_URL']
2026-04-14 13:07:08,653 [INFO]   - NaverAdAPI: ['CUSTOMER_ID', 'ACCESS_LICENSE', 'SECRET_KEY', 'TARGET_CAMPAIGN_NAME', 'SLACK_WEBHOOK_URL']
2026-04-14 13:07:08,653 [INFO]   - Common: ['USD_TO_KRW_RATE', 'SLACK_WEBHOOK_URL_SALES', 'BOK_API_KEY']
2026-04-14 13:07:08,653 [INFO]   - GoogleKeywordAPI: ['developer_token', 'client_id', 'client_secret', 'refresh_token', 'manager_customer_id', 'default_customer_id', 'SLACK_WEBHOOK_URL']
2026-04-14 13:07:08,653 [INFO]   - NaverKeywordAPI: ['customer_id', 'access_license', 'secret_key', 'SLACK_WEBHOOK_URL']
2026-04-14 13:07:08,653 [INFO]   - API: ['YOUTUBE_API_KEY']
2026-04-14 13:07:08,654 [INFO]   - Gemini: ['GEMINI_API_KEY']
2026-04-14 13:07:08,654 [INFO]   - Notification: ['SlackWebhookURL']
2026-04-14 13:07:08,654 [INFO]   - FrogCafe24: ['MALL_ID', 'CLIENT_ID', 'CLIENT_SECRET', 'ACCESS_TOKEN', 'REFRESH_TOKEN', 'API_VERSION', 'ROLLING_DAYS', 'TOKEN_EXPIRES_AT', 'REFRESH_TOKEN_EXPIRES_AT']
2026-04-14 13:07:08,655 [INFO] [INFO] SystemConfig DB에서 Access Token 로드 완료
2026-04-14 13:07:08,655 [INFO] [INFO] Refresh Token으로 Access Token 갱신 시도
2026-04-14 13:07:09,009 [INFO] [SystemConfig] Cafe24.ACCESS_TOKEN 업데이트 완료
2026-04-14 13:07:09,066 [INFO] [SystemConfig] Cafe24.TOKEN_EXPIRES_AT 업데이트 완료
2026-04-14 13:07:09,118 [INFO] [SystemConfig] Cafe24.REFRESH_TOKEN 업데이트 완료
2026-04-14 13:07:09,164 [INFO] [SystemConfig] Cafe24.REFRESH_TOKEN_EXPIRES_AT 업데이트 완료
2026-04-14 13:07:09,176 [INFO] [INFO] 토큰 갱신 완료 (유효기간: 7200초)
2026-04-14 13:07:09,177 [INFO] [INFO] Access Token 갱신 성공
2026-04-14 13:08:16,751 [INFO]   성공: 수집 778건, Orders I/U 0/778, Details I/U 2/1149
2026-04-14 13:08:17,752 [INFO] 
[78/94] 2025-12-22 ~ 2025-12-29
2026-04-14 13:08:17,754 [INFO] [SystemConfig] DB 연결 시도 (1/3)...
2026-04-14 13:08:17,791 [INFO] [SystemConfig] 로드 완료: 54건
2026-04-14 13:08:17,791 [INFO] [SystemConfig] 카테고리: ['Cafe24', 'Sabangnet', 'General', 'MetaAdAPI', 'NaverAdAPI', 'Common', 'GoogleKeywordAPI', 'NaverKeywordAPI', 'API', 'Gemini', 'Notification', 'FrogCafe24']
2026-04-14 13:08:17,792 [INFO]   - Cafe24: ['ROLLING_DAYS', 'SLACK_ENABLED', 'SLACK_WEBHOOK_URL', 'MALL_ID', 'CLIENT_ID', 'CLIENT_SECRET', 'ACCESS_TOKEN', 'REFRESH_TOKEN', 'TOKEN_EXPIRES_AT', 'REFRESH_TOKEN_EXPIRES_AT', 'API_VERSION']
2026-04-14 13:08:17,792 [INFO]   - Sabangnet: ['ROLLING_DAYS', 'SLACK_ENABLED', 'SLACK_WEBHOOK_URL', 'COMPANY_ID', 'AUTH_KEY', 'API_URL']
2026-04-14 13:08:17,792 [INFO]   - General: ['BATCH_SIZE']
2026-04-14 13:08:17,793 [INFO]   - MetaAdAPI: ['APP_ID', 'APP_SECRET', 'ACCESS_TOKEN', 'AD_ACCOUNTS', 'SLACK_WEBHOOK_URL']
2026-04-14 13:08:17,793 [INFO]   - NaverAdAPI: ['CUSTOMER_ID', 'ACCESS_LICENSE', 'SECRET_KEY', 'TARGET_CAMPAIGN_NAME', 'SLACK_WEBHOOK_URL']
2026-04-14 13:08:17,793 [INFO]   - Common: ['USD_TO_KRW_RATE', 'SLACK_WEBHOOK_URL_SALES', 'BOK_API_KEY']
2026-04-14 13:08:17,793 [INFO]   - GoogleKeywordAPI: ['developer_token', 'client_id', 'client_secret', 'refresh_token', 'manager_customer_id', 'default_customer_id', 'SLACK_WEBHOOK_URL']
2026-04-14 13:08:17,793 [INFO]   - NaverKeywordAPI: ['customer_id', 'access_license', 'secret_key', 'SLACK_WEBHOOK_URL']
2026-04-14 13:08:17,793 [INFO]   - API: ['YOUTUBE_API_KEY']
2026-04-14 13:08:17,793 [INFO]   - Gemini: ['GEMINI_API_KEY']
2026-04-14 13:08:17,793 [INFO]   - Notification: ['SlackWebhookURL']
2026-04-14 13:08:17,793 [INFO]   - FrogCafe24: ['MALL_ID', 'CLIENT_ID', 'CLIENT_SECRET', 'ACCESS_TOKEN', 'REFRESH_TOKEN', 'API_VERSION', 'ROLLING_DAYS', 'TOKEN_EXPIRES_AT', 'REFRESH_TOKEN_EXPIRES_AT']
2026-04-14 13:08:17,794 [INFO] [INFO] SystemConfig DB에서 Access Token 로드 완료
2026-04-14 13:08:17,794 [INFO] [INFO] Refresh Token으로 Access Token 갱신 시도
2026-04-14 13:08:18,148 [INFO] [SystemConfig] Cafe24.ACCESS_TOKEN 업데이트 완료
2026-04-14 13:08:18,211 [INFO] [SystemConfig] Cafe24.TOKEN_EXPIRES_AT 업데이트 완료
2026-04-14 13:08:18,268 [INFO] [SystemConfig] Cafe24.REFRESH_TOKEN 업데이트 완료
2026-04-14 13:08:18,326 [INFO] [SystemConfig] Cafe24.REFRESH_TOKEN_EXPIRES_AT 업데이트 완료
2026-04-14 13:08:18,340 [INFO] [INFO] 토큰 갱신 완료 (유효기간: 7200초)
2026-04-14 13:08:18,341 [INFO] [INFO] Access Token 갱신 성공
2026-04-14 13:09:15,453 [INFO]   성공: 수집 595건, Orders I/U 0/595, Details I/U 1/1155
2026-04-14 13:09:16,454 [INFO] 
[79/94] 2025-12-29 ~ 2026-01-05
2026-04-14 13:09:16,454 [INFO] [SystemConfig] DB 연결 시도 (1/3)...
2026-04-14 13:09:16,482 [INFO] [SystemConfig] 로드 완료: 54건
2026-04-14 13:09:16,482 [INFO] [SystemConfig] 카테고리: ['Cafe24', 'Sabangnet', 'General', 'MetaAdAPI', 'NaverAdAPI', 'Common', 'GoogleKeywordAPI', 'NaverKeywordAPI', 'API', 'Gemini', 'Notification', 'FrogCafe24']
2026-04-14 13:09:16,482 [INFO]   - Cafe24: ['ROLLING_DAYS', 'SLACK_ENABLED', 'SLACK_WEBHOOK_URL', 'MALL_ID', 'CLIENT_ID', 'CLIENT_SECRET', 'ACCESS_TOKEN', 'REFRESH_TOKEN', 'TOKEN_EXPIRES_AT', 'REFRESH_TOKEN_EXPIRES_AT', 'API_VERSION']
2026-04-14 13:09:16,483 [INFO]   - Sabangnet: ['ROLLING_DAYS', 'SLACK_ENABLED', 'SLACK_WEBHOOK_URL', 'COMPANY_ID', 'AUTH_KEY', 'API_URL']
2026-04-14 13:09:16,483 [INFO]   - General: ['BATCH_SIZE']
2026-04-14 13:09:16,483 [INFO]   - MetaAdAPI: ['APP_ID', 'APP_SECRET', 'ACCESS_TOKEN', 'AD_ACCOUNTS', 'SLACK_WEBHOOK_URL']
2026-04-14 13:09:16,484 [INFO]   - NaverAdAPI: ['CUSTOMER_ID', 'ACCESS_LICENSE', 'SECRET_KEY', 'TARGET_CAMPAIGN_NAME', 'SLACK_WEBHOOK_URL']
2026-04-14 13:09:16,484 [INFO]   - Common: ['USD_TO_KRW_RATE', 'SLACK_WEBHOOK_URL_SALES', 'BOK_API_KEY']
2026-04-14 13:09:16,484 [INFO]   - GoogleKeywordAPI: ['developer_token', 'client_id', 'client_secret', 'refresh_token', 'manager_customer_id', 'default_customer_id', 'SLACK_WEBHOOK_URL']
2026-04-14 13:09:16,484 [INFO]   - NaverKeywordAPI: ['customer_id', 'access_license', 'secret_key', 'SLACK_WEBHOOK_URL']
2026-04-14 13:09:16,485 [INFO]   - API: ['YOUTUBE_API_KEY']
2026-04-14 13:09:16,485 [INFO]   - Gemini: ['GEMINI_API_KEY']
2026-04-14 13:09:16,485 [INFO]   - Notification: ['SlackWebhookURL']
2026-04-14 13:09:16,485 [INFO]   - FrogCafe24: ['MALL_ID', 'CLIENT_ID', 'CLIENT_SECRET', 'ACCESS_TOKEN', 'REFRESH_TOKEN', 'API_VERSION', 'ROLLING_DAYS', 'TOKEN_EXPIRES_AT', 'REFRESH_TOKEN_EXPIRES_AT']
2026-04-14 13:09:16,486 [INFO] [INFO] SystemConfig DB에서 Access Token 로드 완료
2026-04-14 13:09:16,486 [INFO] [INFO] Refresh Token으로 Access Token 갱신 시도
2026-04-14 13:09:16,819 [INFO] [SystemConfig] Cafe24.ACCESS_TOKEN 업데이트 완료
2026-04-14 13:09:16,867 [INFO] [SystemConfig] Cafe24.TOKEN_EXPIRES_AT 업데이트 완료
2026-04-14 13:09:16,916 [INFO] [SystemConfig] Cafe24.REFRESH_TOKEN 업데이트 완료
2026-04-14 13:09:16,973 [INFO] [SystemConfig] Cafe24.REFRESH_TOKEN_EXPIRES_AT 업데이트 완료
2026-04-14 13:09:16,987 [INFO] [INFO] 토큰 갱신 완료 (유효기간: 7200초)
2026-04-14 13:09:16,989 [INFO] [INFO] Access Token 갱신 성공
2026-04-14 13:10:24,369 [INFO]   성공: 수집 647건, Orders I/U 0/647, Details I/U 0/1338
2026-04-14 13:10:25,371 [INFO] 
[80/94] 2026-01-05 ~ 2026-01-12
2026-04-14 13:10:25,371 [INFO] [SystemConfig] DB 연결 시도 (1/3)...
2026-04-14 13:10:25,406 [INFO] [SystemConfig] 로드 완료: 54건
2026-04-14 13:10:25,406 [INFO] [SystemConfig] 카테고리: ['Cafe24', 'Sabangnet', 'General', 'MetaAdAPI', 'NaverAdAPI', 'Common', 'GoogleKeywordAPI', 'NaverKeywordAPI', 'API', 'Gemini', 'Notification', 'FrogCafe24']
2026-04-14 13:10:25,406 [INFO]   - Cafe24: ['ROLLING_DAYS', 'SLACK_ENABLED', 'SLACK_WEBHOOK_URL', 'MALL_ID', 'CLIENT_ID', 'CLIENT_SECRET', 'ACCESS_TOKEN', 'REFRESH_TOKEN', 'TOKEN_EXPIRES_AT', 'REFRESH_TOKEN_EXPIRES_AT', 'API_VERSION']
2026-04-14 13:10:25,406 [INFO]   - Sabangnet: ['ROLLING_DAYS', 'SLACK_ENABLED', 'SLACK_WEBHOOK_URL', 'COMPANY_ID', 'AUTH_KEY', 'API_URL']
2026-04-14 13:10:25,407 [INFO]   - General: ['BATCH_SIZE']
2026-04-14 13:10:25,407 [INFO]   - MetaAdAPI: ['APP_ID', 'APP_SECRET', 'ACCESS_TOKEN', 'AD_ACCOUNTS', 'SLACK_WEBHOOK_URL']
2026-04-14 13:10:25,407 [INFO]   - NaverAdAPI: ['CUSTOMER_ID', 'ACCESS_LICENSE', 'SECRET_KEY', 'TARGET_CAMPAIGN_NAME', 'SLACK_WEBHOOK_URL']
2026-04-14 13:10:25,407 [INFO]   - Common: ['USD_TO_KRW_RATE', 'SLACK_WEBHOOK_URL_SALES', 'BOK_API_KEY']
2026-04-14 13:10:25,408 [INFO]   - GoogleKeywordAPI: ['developer_token', 'client_id', 'client_secret', 'refresh_token', 'manager_customer_id', 'default_customer_id', 'SLACK_WEBHOOK_URL']
2026-04-14 13:10:25,408 [INFO]   - NaverKeywordAPI: ['customer_id', 'access_license', 'secret_key', 'SLACK_WEBHOOK_URL']
2026-04-14 13:10:25,408 [INFO]   - API: ['YOUTUBE_API_KEY']
2026-04-14 13:10:25,408 [INFO]   - Gemini: ['GEMINI_API_KEY']
2026-04-14 13:10:25,409 [INFO]   - Notification: ['SlackWebhookURL']
2026-04-14 13:10:25,409 [INFO]   - FrogCafe24: ['MALL_ID', 'CLIENT_ID', 'CLIENT_SECRET', 'ACCESS_TOKEN', 'REFRESH_TOKEN', 'API_VERSION', 'ROLLING_DAYS', 'TOKEN_EXPIRES_AT', 'REFRESH_TOKEN_EXPIRES_AT']
2026-04-14 13:10:25,409 [INFO] [INFO] SystemConfig DB에서 Access Token 로드 완료
2026-04-14 13:10:25,409 [INFO] [INFO] Refresh Token으로 Access Token 갱신 시도
2026-04-14 13:10:25,792 [INFO] [SystemConfig] Cafe24.ACCESS_TOKEN 업데이트 완료
2026-04-14 13:10:25,850 [INFO] [SystemConfig] Cafe24.TOKEN_EXPIRES_AT 업데이트 완료
2026-04-14 13:10:25,911 [INFO] [SystemConfig] Cafe24.REFRESH_TOKEN 업데이트 완료
2026-04-14 13:10:25,971 [INFO] [SystemConfig] Cafe24.REFRESH_TOKEN_EXPIRES_AT 업데이트 완료
2026-04-14 13:10:25,986 [INFO] [INFO] 토큰 갱신 완료 (유효기간: 7200초)
2026-04-14 13:10:25,988 [INFO] [INFO] Access Token 갱신 성공
2026-04-14 13:11:31,076 [INFO]   성공: 수집 666건, Orders I/U 0/666, Details I/U 0/1335
2026-04-14 13:11:32,078 [INFO] 
[81/94] 2026-01-12 ~ 2026-01-19
2026-04-14 13:11:32,078 [INFO] [SystemConfig] DB 연결 시도 (1/3)...
2026-04-14 13:11:32,101 [INFO] [SystemConfig] 로드 완료: 54건
2026-04-14 13:11:32,101 [INFO] [SystemConfig] 카테고리: ['Cafe24', 'Sabangnet', 'General', 'MetaAdAPI', 'NaverAdAPI', 'Common', 'GoogleKeywordAPI', 'NaverKeywordAPI', 'API', 'Gemini', 'Notification', 'FrogCafe24']
2026-04-14 13:11:32,101 [INFO]   - Cafe24: ['ROLLING_DAYS', 'SLACK_ENABLED', 'SLACK_WEBHOOK_URL', 'MALL_ID', 'CLIENT_ID', 'CLIENT_SECRET', 'ACCESS_TOKEN', 'REFRESH_TOKEN', 'TOKEN_EXPIRES_AT', 'REFRESH_TOKEN_EXPIRES_AT', 'API_VERSION']
2026-04-14 13:11:32,101 [INFO]   - Sabangnet: ['ROLLING_DAYS', 'SLACK_ENABLED', 'SLACK_WEBHOOK_URL', 'COMPANY_ID', 'AUTH_KEY', 'API_URL']
2026-04-14 13:11:32,101 [INFO]   - General: ['BATCH_SIZE']
2026-04-14 13:11:32,102 [INFO]   - MetaAdAPI: ['APP_ID', 'APP_SECRET', 'ACCESS_TOKEN', 'AD_ACCOUNTS', 'SLACK_WEBHOOK_URL']
2026-04-14 13:11:32,102 [INFO]   - NaverAdAPI: ['CUSTOMER_ID', 'ACCESS_LICENSE', 'SECRET_KEY', 'TARGET_CAMPAIGN_NAME', 'SLACK_WEBHOOK_URL']
2026-04-14 13:11:32,102 [INFO]   - Common: ['USD_TO_KRW_RATE', 'SLACK_WEBHOOK_URL_SALES', 'BOK_API_KEY']
2026-04-14 13:11:32,102 [INFO]   - GoogleKeywordAPI: ['developer_token', 'client_id', 'client_secret', 'refresh_token', 'manager_customer_id', 'default_customer_id', 'SLACK_WEBHOOK_URL']
2026-04-14 13:11:32,102 [INFO]   - NaverKeywordAPI: ['customer_id', 'access_license', 'secret_key', 'SLACK_WEBHOOK_URL']
2026-04-14 13:11:32,103 [INFO]   - API: ['YOUTUBE_API_KEY']
2026-04-14 13:11:32,103 [INFO]   - Gemini: ['GEMINI_API_KEY']
2026-04-14 13:11:32,103 [INFO]   - Notification: ['SlackWebhookURL']
2026-04-14 13:11:32,103 [INFO]   - FrogCafe24: ['MALL_ID', 'CLIENT_ID', 'CLIENT_SECRET', 'ACCESS_TOKEN', 'REFRESH_TOKEN', 'API_VERSION', 'ROLLING_DAYS', 'TOKEN_EXPIRES_AT', 'REFRESH_TOKEN_EXPIRES_AT']
2026-04-14 13:11:32,103 [INFO] [INFO] SystemConfig DB에서 Access Token 로드 완료
2026-04-14 13:11:32,103 [INFO] [INFO] Refresh Token으로 Access Token 갱신 시도
2026-04-14 13:11:32,465 [INFO] [SystemConfig] Cafe24.ACCESS_TOKEN 업데이트 완료
2026-04-14 13:11:32,511 [INFO] [SystemConfig] Cafe24.TOKEN_EXPIRES_AT 업데이트 완료
2026-04-14 13:11:32,557 [INFO] [SystemConfig] Cafe24.REFRESH_TOKEN 업데이트 완료
2026-04-14 13:11:32,603 [INFO] [SystemConfig] Cafe24.REFRESH_TOKEN_EXPIRES_AT 업데이트 완료
2026-04-14 13:11:32,616 [INFO] [INFO] 토큰 갱신 완료 (유효기간: 7200초)
2026-04-14 13:11:32,617 [INFO] [INFO] Access Token 갱신 성공
2026-04-14 13:12:33,243 [INFO]   성공: 수집 546건, Orders I/U 1/545, Details I/U 1/1108
2026-04-14 13:12:34,245 [INFO] 
[82/94] 2026-01-19 ~ 2026-01-26
2026-04-14 13:12:34,246 [INFO] [SystemConfig] DB 연결 시도 (1/3)...
2026-04-14 13:12:34,277 [INFO] [SystemConfig] 로드 완료: 54건
2026-04-14 13:12:34,277 [INFO] [SystemConfig] 카테고리: ['Cafe24', 'Sabangnet', 'General', 'MetaAdAPI', 'NaverAdAPI', 'Common', 'GoogleKeywordAPI', 'NaverKeywordAPI', 'API', 'Gemini', 'Notification', 'FrogCafe24']
2026-04-14 13:12:34,277 [INFO]   - Cafe24: ['ROLLING_DAYS', 'SLACK_ENABLED', 'SLACK_WEBHOOK_URL', 'MALL_ID', 'CLIENT_ID', 'CLIENT_SECRET', 'ACCESS_TOKEN', 'REFRESH_TOKEN', 'TOKEN_EXPIRES_AT', 'REFRESH_TOKEN_EXPIRES_AT', 'API_VERSION']
2026-04-14 13:12:34,278 [INFO]   - Sabangnet: ['ROLLING_DAYS', 'SLACK_ENABLED', 'SLACK_WEBHOOK_URL', 'COMPANY_ID', 'AUTH_KEY', 'API_URL']
2026-04-14 13:12:34,278 [INFO]   - General: ['BATCH_SIZE']
2026-04-14 13:12:34,279 [INFO]   - MetaAdAPI: ['APP_ID', 'APP_SECRET', 'ACCESS_TOKEN', 'AD_ACCOUNTS', 'SLACK_WEBHOOK_URL']
2026-04-14 13:12:34,280 [INFO]   - NaverAdAPI: ['CUSTOMER_ID', 'ACCESS_LICENSE', 'SECRET_KEY', 'TARGET_CAMPAIGN_NAME', 'SLACK_WEBHOOK_URL']
2026-04-14 13:12:34,280 [INFO]   - Common: ['USD_TO_KRW_RATE', 'SLACK_WEBHOOK_URL_SALES', 'BOK_API_KEY']
2026-04-14 13:12:34,280 [INFO]   - GoogleKeywordAPI: ['developer_token', 'client_id', 'client_secret', 'refresh_token', 'manager_customer_id', 'default_customer_id', 'SLACK_WEBHOOK_URL']
2026-04-14 13:12:34,281 [INFO]   - NaverKeywordAPI: ['customer_id', 'access_license', 'secret_key', 'SLACK_WEBHOOK_URL']
2026-04-14 13:12:34,281 [INFO]   - API: ['YOUTUBE_API_KEY']
2026-04-14 13:12:34,281 [INFO]   - Gemini: ['GEMINI_API_KEY']
2026-04-14 13:12:34,281 [INFO]   - Notification: ['SlackWebhookURL']
2026-04-14 13:12:34,281 [INFO]   - FrogCafe24: ['MALL_ID', 'CLIENT_ID', 'CLIENT_SECRET', 'ACCESS_TOKEN', 'REFRESH_TOKEN', 'API_VERSION', 'ROLLING_DAYS', 'TOKEN_EXPIRES_AT', 'REFRESH_TOKEN_EXPIRES_AT']
2026-04-14 13:12:34,282 [INFO] [INFO] SystemConfig DB에서 Access Token 로드 완료
2026-04-14 13:12:34,282 [INFO] [INFO] Refresh Token으로 Access Token 갱신 시도
2026-04-14 13:12:34,636 [INFO] [SystemConfig] Cafe24.ACCESS_TOKEN 업데이트 완료
2026-04-14 13:12:34,704 [INFO] [SystemConfig] Cafe24.TOKEN_EXPIRES_AT 업데이트 완료
2026-04-14 13:12:34,755 [INFO] [SystemConfig] Cafe24.REFRESH_TOKEN 업데이트 완료
2026-04-14 13:12:34,807 [INFO] [SystemConfig] Cafe24.REFRESH_TOKEN_EXPIRES_AT 업데이트 완료
2026-04-14 13:12:34,826 [INFO] [INFO] 토큰 갱신 완료 (유효기간: 7200초)
2026-04-14 13:12:34,827 [INFO] [INFO] Access Token 갱신 성공
2026-04-14 13:13:32,287 [INFO]   성공: 수집 525건, Orders I/U 0/525, Details I/U 0/1108
2026-04-14 13:13:33,289 [INFO] 
[83/94] 2026-01-26 ~ 2026-02-02
2026-04-14 13:13:33,290 [INFO] [SystemConfig] DB 연결 시도 (1/3)...
2026-04-14 13:13:33,325 [INFO] [SystemConfig] 로드 완료: 54건
2026-04-14 13:13:33,325 [INFO] [SystemConfig] 카테고리: ['Cafe24', 'Sabangnet', 'General', 'MetaAdAPI', 'NaverAdAPI', 'Common', 'GoogleKeywordAPI', 'NaverKeywordAPI', 'API', 'Gemini', 'Notification', 'FrogCafe24']
2026-04-14 13:13:33,326 [INFO]   - Cafe24: ['ROLLING_DAYS', 'SLACK_ENABLED', 'SLACK_WEBHOOK_URL', 'MALL_ID', 'CLIENT_ID', 'CLIENT_SECRET', 'ACCESS_TOKEN', 'REFRESH_TOKEN', 'TOKEN_EXPIRES_AT', 'REFRESH_TOKEN_EXPIRES_AT', 'API_VERSION']
2026-04-14 13:13:33,326 [INFO]   - Sabangnet: ['ROLLING_DAYS', 'SLACK_ENABLED', 'SLACK_WEBHOOK_URL', 'COMPANY_ID', 'AUTH_KEY', 'API_URL']
2026-04-14 13:13:33,326 [INFO]   - General: ['BATCH_SIZE']
2026-04-14 13:13:33,326 [INFO]   - MetaAdAPI: ['APP_ID', 'APP_SECRET', 'ACCESS_TOKEN', 'AD_ACCOUNTS', 'SLACK_WEBHOOK_URL']
2026-04-14 13:13:33,327 [INFO]   - NaverAdAPI: ['CUSTOMER_ID', 'ACCESS_LICENSE', 'SECRET_KEY', 'TARGET_CAMPAIGN_NAME', 'SLACK_WEBHOOK_URL']
2026-04-14 13:13:33,327 [INFO]   - Common: ['USD_TO_KRW_RATE', 'SLACK_WEBHOOK_URL_SALES', 'BOK_API_KEY']
2026-04-14 13:13:33,327 [INFO]   - GoogleKeywordAPI: ['developer_token', 'client_id', 'client_secret', 'refresh_token', 'manager_customer_id', 'default_customer_id', 'SLACK_WEBHOOK_URL']
2026-04-14 13:13:33,327 [INFO]   - NaverKeywordAPI: ['customer_id', 'access_license', 'secret_key', 'SLACK_WEBHOOK_URL']
2026-04-14 13:13:33,327 [INFO]   - API: ['YOUTUBE_API_KEY']
2026-04-14 13:13:33,328 [INFO]   - Gemini: ['GEMINI_API_KEY']
2026-04-14 13:13:33,328 [INFO]   - Notification: ['SlackWebhookURL']
2026-04-14 13:13:33,328 [INFO]   - FrogCafe24: ['MALL_ID', 'CLIENT_ID', 'CLIENT_SECRET', 'ACCESS_TOKEN', 'REFRESH_TOKEN', 'API_VERSION', 'ROLLING_DAYS', 'TOKEN_EXPIRES_AT', 'REFRESH_TOKEN_EXPIRES_AT']
2026-04-14 13:13:33,328 [INFO] [INFO] SystemConfig DB에서 Access Token 로드 완료
2026-04-14 13:13:33,328 [INFO] [INFO] Refresh Token으로 Access Token 갱신 시도
2026-04-14 13:13:33,686 [INFO] [SystemConfig] Cafe24.ACCESS_TOKEN 업데이트 완료
2026-04-14 13:13:33,749 [INFO] [SystemConfig] Cafe24.TOKEN_EXPIRES_AT 업데이트 완료
2026-04-14 13:13:33,815 [INFO] [SystemConfig] Cafe24.REFRESH_TOKEN 업데이트 완료
2026-04-14 13:13:33,882 [INFO] [SystemConfig] Cafe24.REFRESH_TOKEN_EXPIRES_AT 업데이트 완료
2026-04-14 13:13:33,899 [INFO] [INFO] 토큰 갱신 완료 (유효기간: 7200초)
2026-04-14 13:13:33,901 [INFO] [INFO] Access Token 갱신 성공
2026-04-14 13:14:48,871 [INFO]   성공: 수집 633건, Orders I/U 0/633, Details I/U 1/1284
2026-04-14 13:14:49,872 [INFO] 
[84/94] 2026-02-02 ~ 2026-02-09
2026-04-14 13:14:49,873 [INFO] [SystemConfig] DB 연결 시도 (1/3)...
2026-04-14 13:14:49,905 [INFO] [SystemConfig] 로드 완료: 54건
2026-04-14 13:14:49,906 [INFO] [SystemConfig] 카테고리: ['Cafe24', 'Sabangnet', 'General', 'MetaAdAPI', 'NaverAdAPI', 'Common', 'GoogleKeywordAPI', 'NaverKeywordAPI', 'API', 'Gemini', 'Notification', 'FrogCafe24']
2026-04-14 13:14:49,906 [INFO]   - Cafe24: ['ROLLING_DAYS', 'SLACK_ENABLED', 'SLACK_WEBHOOK_URL', 'MALL_ID', 'CLIENT_ID', 'CLIENT_SECRET', 'ACCESS_TOKEN', 'REFRESH_TOKEN', 'TOKEN_EXPIRES_AT', 'REFRESH_TOKEN_EXPIRES_AT', 'API_VERSION']
2026-04-14 13:14:49,906 [INFO]   - Sabangnet: ['ROLLING_DAYS', 'SLACK_ENABLED', 'SLACK_WEBHOOK_URL', 'COMPANY_ID', 'AUTH_KEY', 'API_URL']
2026-04-14 13:14:49,907 [INFO]   - General: ['BATCH_SIZE']
2026-04-14 13:14:49,907 [INFO]   - MetaAdAPI: ['APP_ID', 'APP_SECRET', 'ACCESS_TOKEN', 'AD_ACCOUNTS', 'SLACK_WEBHOOK_URL']
2026-04-14 13:14:49,907 [INFO]   - NaverAdAPI: ['CUSTOMER_ID', 'ACCESS_LICENSE', 'SECRET_KEY', 'TARGET_CAMPAIGN_NAME', 'SLACK_WEBHOOK_URL']
2026-04-14 13:14:49,907 [INFO]   - Common: ['USD_TO_KRW_RATE', 'SLACK_WEBHOOK_URL_SALES', 'BOK_API_KEY']
2026-04-14 13:14:49,908 [INFO]   - GoogleKeywordAPI: ['developer_token', 'client_id', 'client_secret', 'refresh_token', 'manager_customer_id', 'default_customer_id', 'SLACK_WEBHOOK_URL']
2026-04-14 13:14:49,908 [INFO]   - NaverKeywordAPI: ['customer_id', 'access_license', 'secret_key', 'SLACK_WEBHOOK_URL']
2026-04-14 13:14:49,908 [INFO]   - API: ['YOUTUBE_API_KEY']
2026-04-14 13:14:49,908 [INFO]   - Gemini: ['GEMINI_API_KEY']
2026-04-14 13:14:49,908 [INFO]   - Notification: ['SlackWebhookURL']
2026-04-14 13:14:49,908 [INFO]   - FrogCafe24: ['MALL_ID', 'CLIENT_ID', 'CLIENT_SECRET', 'ACCESS_TOKEN', 'REFRESH_TOKEN', 'API_VERSION', 'ROLLING_DAYS', 'TOKEN_EXPIRES_AT', 'REFRESH_TOKEN_EXPIRES_AT']
2026-04-14 13:14:49,908 [INFO] [INFO] SystemConfig DB에서 Access Token 로드 완료
2026-04-14 13:14:49,908 [INFO] [INFO] Refresh Token으로 Access Token 갱신 시도
2026-04-14 13:14:50,274 [INFO] [SystemConfig] Cafe24.ACCESS_TOKEN 업데이트 완료
2026-04-14 13:14:50,344 [INFO] [SystemConfig] Cafe24.TOKEN_EXPIRES_AT 업데이트 완료
2026-04-14 13:14:50,403 [INFO] [SystemConfig] Cafe24.REFRESH_TOKEN 업데이트 완료
2026-04-14 13:14:50,464 [INFO] [SystemConfig] Cafe24.REFRESH_TOKEN_EXPIRES_AT 업데이트 완료
2026-04-14 13:14:50,486 [INFO] [INFO] 토큰 갱신 완료 (유효기간: 7200초)
2026-04-14 13:14:50,488 [INFO] [INFO] Access Token 갱신 성공
2026-04-14 13:16:03,078 [INFO]   성공: 수집 698건, Orders I/U 0/698, Details I/U 2/1425
2026-04-14 13:16:04,080 [INFO] 
[85/94] 2026-02-09 ~ 2026-02-16
2026-04-14 13:16:04,080 [INFO] [SystemConfig] DB 연결 시도 (1/3)...
2026-04-14 13:16:04,111 [INFO] [SystemConfig] 로드 완료: 54건
2026-04-14 13:16:04,111 [INFO] [SystemConfig] 카테고리: ['Cafe24', 'Sabangnet', 'General', 'MetaAdAPI', 'NaverAdAPI', 'Common', 'GoogleKeywordAPI', 'NaverKeywordAPI', 'API', 'Gemini', 'Notification', 'FrogCafe24']
2026-04-14 13:16:04,111 [INFO]   - Cafe24: ['ROLLING_DAYS', 'SLACK_ENABLED', 'SLACK_WEBHOOK_URL', 'MALL_ID', 'CLIENT_ID', 'CLIENT_SECRET', 'ACCESS_TOKEN', 'REFRESH_TOKEN', 'TOKEN_EXPIRES_AT', 'REFRESH_TOKEN_EXPIRES_AT', 'API_VERSION']
2026-04-14 13:16:04,112 [INFO]   - Sabangnet: ['ROLLING_DAYS', 'SLACK_ENABLED', 'SLACK_WEBHOOK_URL', 'COMPANY_ID', 'AUTH_KEY', 'API_URL']
2026-04-14 13:16:04,112 [INFO]   - General: ['BATCH_SIZE']
2026-04-14 13:16:04,112 [INFO]   - MetaAdAPI: ['APP_ID', 'APP_SECRET', 'ACCESS_TOKEN', 'AD_ACCOUNTS', 'SLACK_WEBHOOK_URL']
2026-04-14 13:16:04,112 [INFO]   - NaverAdAPI: ['CUSTOMER_ID', 'ACCESS_LICENSE', 'SECRET_KEY', 'TARGET_CAMPAIGN_NAME', 'SLACK_WEBHOOK_URL']
2026-04-14 13:16:04,112 [INFO]   - Common: ['USD_TO_KRW_RATE', 'SLACK_WEBHOOK_URL_SALES', 'BOK_API_KEY']
2026-04-14 13:16:04,113 [INFO]   - GoogleKeywordAPI: ['developer_token', 'client_id', 'client_secret', 'refresh_token', 'manager_customer_id', 'default_customer_id', 'SLACK_WEBHOOK_URL']
2026-04-14 13:16:04,113 [INFO]   - NaverKeywordAPI: ['customer_id', 'access_license', 'secret_key', 'SLACK_WEBHOOK_URL']
2026-04-14 13:16:04,113 [INFO]   - API: ['YOUTUBE_API_KEY']
2026-04-14 13:16:04,113 [INFO]   - Gemini: ['GEMINI_API_KEY']
2026-04-14 13:16:04,113 [INFO]   - Notification: ['SlackWebhookURL']
2026-04-14 13:16:04,114 [INFO]   - FrogCafe24: ['MALL_ID', 'CLIENT_ID', 'CLIENT_SECRET', 'ACCESS_TOKEN', 'REFRESH_TOKEN', 'API_VERSION', 'ROLLING_DAYS', 'TOKEN_EXPIRES_AT', 'REFRESH_TOKEN_EXPIRES_AT']
2026-04-14 13:16:04,114 [INFO] [INFO] SystemConfig DB에서 Access Token 로드 완료
2026-04-14 13:16:04,114 [INFO] [INFO] Refresh Token으로 Access Token 갱신 시도
2026-04-14 13:16:04,475 [INFO] [SystemConfig] Cafe24.ACCESS_TOKEN 업데이트 완료
2026-04-14 13:16:04,531 [INFO] [SystemConfig] Cafe24.TOKEN_EXPIRES_AT 업데이트 완료
2026-04-14 13:16:04,589 [INFO] [SystemConfig] Cafe24.REFRESH_TOKEN 업데이트 완료
2026-04-14 13:16:04,648 [INFO] [SystemConfig] Cafe24.REFRESH_TOKEN_EXPIRES_AT 업데이트 완료
2026-04-14 13:16:04,665 [INFO] [INFO] 토큰 갱신 완료 (유효기간: 7200초)
2026-04-14 13:16:04,667 [INFO] [INFO] Access Token 갱신 성공
2026-04-14 13:17:00,287 [INFO]   성공: 수집 531건, Orders I/U 0/531, Details I/U 1/1040
2026-04-14 13:17:01,288 [INFO] 
[86/94] 2026-02-16 ~ 2026-02-23
2026-04-14 13:17:01,288 [INFO] [SystemConfig] DB 연결 시도 (1/3)...
2026-04-14 13:17:01,319 [INFO] [SystemConfig] 로드 완료: 54건
2026-04-14 13:17:01,319 [INFO] [SystemConfig] 카테고리: ['Cafe24', 'Sabangnet', 'General', 'MetaAdAPI', 'NaverAdAPI', 'Common', 'GoogleKeywordAPI', 'NaverKeywordAPI', 'API', 'Gemini', 'Notification', 'FrogCafe24']
2026-04-14 13:17:01,319 [INFO]   - Cafe24: ['ROLLING_DAYS', 'SLACK_ENABLED', 'SLACK_WEBHOOK_URL', 'MALL_ID', 'CLIENT_ID', 'CLIENT_SECRET', 'ACCESS_TOKEN', 'REFRESH_TOKEN', 'TOKEN_EXPIRES_AT', 'REFRESH_TOKEN_EXPIRES_AT', 'API_VERSION']
2026-04-14 13:17:01,319 [INFO]   - Sabangnet: ['ROLLING_DAYS', 'SLACK_ENABLED', 'SLACK_WEBHOOK_URL', 'COMPANY_ID', 'AUTH_KEY', 'API_URL']
2026-04-14 13:17:01,320 [INFO]   - General: ['BATCH_SIZE']
2026-04-14 13:17:01,320 [INFO]   - MetaAdAPI: ['APP_ID', 'APP_SECRET', 'ACCESS_TOKEN', 'AD_ACCOUNTS', 'SLACK_WEBHOOK_URL']
2026-04-14 13:17:01,320 [INFO]   - NaverAdAPI: ['CUSTOMER_ID', 'ACCESS_LICENSE', 'SECRET_KEY', 'TARGET_CAMPAIGN_NAME', 'SLACK_WEBHOOK_URL']
2026-04-14 13:17:01,320 [INFO]   - Common: ['USD_TO_KRW_RATE', 'SLACK_WEBHOOK_URL_SALES', 'BOK_API_KEY']
2026-04-14 13:17:01,320 [INFO]   - GoogleKeywordAPI: ['developer_token', 'client_id', 'client_secret', 'refresh_token', 'manager_customer_id', 'default_customer_id', 'SLACK_WEBHOOK_URL']
2026-04-14 13:17:01,320 [INFO]   - NaverKeywordAPI: ['customer_id', 'access_license', 'secret_key', 'SLACK_WEBHOOK_URL']
2026-04-14 13:17:01,320 [INFO]   - API: ['YOUTUBE_API_KEY']
2026-04-14 13:17:01,320 [INFO]   - Gemini: ['GEMINI_API_KEY']
2026-04-14 13:17:01,321 [INFO]   - Notification: ['SlackWebhookURL']
2026-04-14 13:17:01,321 [INFO]   - FrogCafe24: ['MALL_ID', 'CLIENT_ID', 'CLIENT_SECRET', 'ACCESS_TOKEN', 'REFRESH_TOKEN', 'API_VERSION', 'ROLLING_DAYS', 'TOKEN_EXPIRES_AT', 'REFRESH_TOKEN_EXPIRES_AT']
2026-04-14 13:17:01,321 [INFO] [INFO] SystemConfig DB에서 Access Token 로드 완료
2026-04-14 13:17:01,321 [INFO] [INFO] Refresh Token으로 Access Token 갱신 시도
2026-04-14 13:17:01,694 [INFO] [SystemConfig] Cafe24.ACCESS_TOKEN 업데이트 완료
2026-04-14 13:17:01,773 [INFO] [SystemConfig] Cafe24.TOKEN_EXPIRES_AT 업데이트 완료
2026-04-14 13:17:01,870 [INFO] [SystemConfig] Cafe24.REFRESH_TOKEN 업데이트 완료
2026-04-14 13:17:01,929 [INFO] [SystemConfig] Cafe24.REFRESH_TOKEN_EXPIRES_AT 업데이트 완료
2026-04-14 13:17:01,942 [INFO] [INFO] 토큰 갱신 완료 (유효기간: 7200초)
2026-04-14 13:17:01,943 [INFO] [INFO] Access Token 갱신 성공
2026-04-14 13:18:06,750 [INFO]   성공: 수집 676건, Orders I/U 0/676, Details I/U 0/1278
2026-04-14 13:18:07,752 [INFO] 
[87/94] 2026-02-23 ~ 2026-03-02
2026-04-14 13:18:07,753 [INFO] [SystemConfig] DB 연결 시도 (1/3)...
2026-04-14 13:18:07,783 [INFO] [SystemConfig] 로드 완료: 54건
2026-04-14 13:18:07,783 [INFO] [SystemConfig] 카테고리: ['Cafe24', 'Sabangnet', 'General', 'MetaAdAPI', 'NaverAdAPI', 'Common', 'GoogleKeywordAPI', 'NaverKeywordAPI', 'API', 'Gemini', 'Notification', 'FrogCafe24']
2026-04-14 13:18:07,784 [INFO]   - Cafe24: ['ROLLING_DAYS', 'SLACK_ENABLED', 'SLACK_WEBHOOK_URL', 'MALL_ID', 'CLIENT_ID', 'CLIENT_SECRET', 'ACCESS_TOKEN', 'REFRESH_TOKEN', 'TOKEN_EXPIRES_AT', 'REFRESH_TOKEN_EXPIRES_AT', 'API_VERSION']
2026-04-14 13:18:07,784 [INFO]   - Sabangnet: ['ROLLING_DAYS', 'SLACK_ENABLED', 'SLACK_WEBHOOK_URL', 'COMPANY_ID', 'AUTH_KEY', 'API_URL']
2026-04-14 13:18:07,784 [INFO]   - General: ['BATCH_SIZE']
2026-04-14 13:18:07,784 [INFO]   - MetaAdAPI: ['APP_ID', 'APP_SECRET', 'ACCESS_TOKEN', 'AD_ACCOUNTS', 'SLACK_WEBHOOK_URL']
2026-04-14 13:18:07,785 [INFO]   - NaverAdAPI: ['CUSTOMER_ID', 'ACCESS_LICENSE', 'SECRET_KEY', 'TARGET_CAMPAIGN_NAME', 'SLACK_WEBHOOK_URL']
2026-04-14 13:18:07,785 [INFO]   - Common: ['USD_TO_KRW_RATE', 'SLACK_WEBHOOK_URL_SALES', 'BOK_API_KEY']
2026-04-14 13:18:07,785 [INFO]   - GoogleKeywordAPI: ['developer_token', 'client_id', 'client_secret', 'refresh_token', 'manager_customer_id', 'default_customer_id', 'SLACK_WEBHOOK_URL']
2026-04-14 13:18:07,785 [INFO]   - NaverKeywordAPI: ['customer_id', 'access_license', 'secret_key', 'SLACK_WEBHOOK_URL']
2026-04-14 13:18:07,786 [INFO]   - API: ['YOUTUBE_API_KEY']
2026-04-14 13:18:07,786 [INFO]   - Gemini: ['GEMINI_API_KEY']
2026-04-14 13:18:07,786 [INFO]   - Notification: ['SlackWebhookURL']
2026-04-14 13:18:07,786 [INFO]   - FrogCafe24: ['MALL_ID', 'CLIENT_ID', 'CLIENT_SECRET', 'ACCESS_TOKEN', 'REFRESH_TOKEN', 'API_VERSION', 'ROLLING_DAYS', 'TOKEN_EXPIRES_AT', 'REFRESH_TOKEN_EXPIRES_AT']
2026-04-14 13:18:07,787 [INFO] [INFO] SystemConfig DB에서 Access Token 로드 완료
2026-04-14 13:18:07,787 [INFO] [INFO] Refresh Token으로 Access Token 갱신 시도
2026-04-14 13:18:08,160 [INFO] [SystemConfig] Cafe24.ACCESS_TOKEN 업데이트 완료
2026-04-14 13:18:08,220 [INFO] [SystemConfig] Cafe24.TOKEN_EXPIRES_AT 업데이트 완료
2026-04-14 13:18:08,278 [INFO] [SystemConfig] Cafe24.REFRESH_TOKEN 업데이트 완료
2026-04-14 13:18:08,337 [INFO] [SystemConfig] Cafe24.REFRESH_TOKEN_EXPIRES_AT 업데이트 완료
2026-04-14 13:18:08,353 [INFO] [INFO] 토큰 갱신 완료 (유효기간: 7200초)
2026-04-14 13:18:08,354 [INFO] [INFO] Access Token 갱신 성공
2026-04-14 13:19:05,917 [INFO]   성공: 수집 574건, Orders I/U 0/574, Details I/U 0/1061
2026-04-14 13:19:06,919 [INFO] 
[88/94] 2026-03-02 ~ 2026-03-09
2026-04-14 13:19:06,919 [INFO] [SystemConfig] DB 연결 시도 (1/3)...
2026-04-14 13:19:06,944 [INFO] [SystemConfig] 로드 완료: 54건
2026-04-14 13:19:06,944 [INFO] [SystemConfig] 카테고리: ['Cafe24', 'Sabangnet', 'General', 'MetaAdAPI', 'NaverAdAPI', 'Common', 'GoogleKeywordAPI', 'NaverKeywordAPI', 'API', 'Gemini', 'Notification', 'FrogCafe24']
2026-04-14 13:19:06,944 [INFO]   - Cafe24: ['ROLLING_DAYS', 'SLACK_ENABLED', 'SLACK_WEBHOOK_URL', 'MALL_ID', 'CLIENT_ID', 'CLIENT_SECRET', 'ACCESS_TOKEN', 'REFRESH_TOKEN', 'TOKEN_EXPIRES_AT', 'REFRESH_TOKEN_EXPIRES_AT', 'API_VERSION']
2026-04-14 13:19:06,945 [INFO]   - Sabangnet: ['ROLLING_DAYS', 'SLACK_ENABLED', 'SLACK_WEBHOOK_URL', 'COMPANY_ID', 'AUTH_KEY', 'API_URL']
2026-04-14 13:19:06,945 [INFO]   - General: ['BATCH_SIZE']
2026-04-14 13:19:06,945 [INFO]   - MetaAdAPI: ['APP_ID', 'APP_SECRET', 'ACCESS_TOKEN', 'AD_ACCOUNTS', 'SLACK_WEBHOOK_URL']
2026-04-14 13:19:06,945 [INFO]   - NaverAdAPI: ['CUSTOMER_ID', 'ACCESS_LICENSE', 'SECRET_KEY', 'TARGET_CAMPAIGN_NAME', 'SLACK_WEBHOOK_URL']
2026-04-14 13:19:06,945 [INFO]   - Common: ['USD_TO_KRW_RATE', 'SLACK_WEBHOOK_URL_SALES', 'BOK_API_KEY']
2026-04-14 13:19:06,946 [INFO]   - GoogleKeywordAPI: ['developer_token', 'client_id', 'client_secret', 'refresh_token', 'manager_customer_id', 'default_customer_id', 'SLACK_WEBHOOK_URL']
2026-04-14 13:19:06,946 [INFO]   - NaverKeywordAPI: ['customer_id', 'access_license', 'secret_key', 'SLACK_WEBHOOK_URL']
2026-04-14 13:19:06,946 [INFO]   - API: ['YOUTUBE_API_KEY']
2026-04-14 13:19:06,946 [INFO]   - Gemini: ['GEMINI_API_KEY']
2026-04-14 13:19:06,946 [INFO]   - Notification: ['SlackWebhookURL']
2026-04-14 13:19:06,946 [INFO]   - FrogCafe24: ['MALL_ID', 'CLIENT_ID', 'CLIENT_SECRET', 'ACCESS_TOKEN', 'REFRESH_TOKEN', 'API_VERSION', 'ROLLING_DAYS', 'TOKEN_EXPIRES_AT', 'REFRESH_TOKEN_EXPIRES_AT']
2026-04-14 13:19:06,946 [INFO] [INFO] SystemConfig DB에서 Access Token 로드 완료
2026-04-14 13:19:06,946 [INFO] [INFO] Refresh Token으로 Access Token 갱신 시도
2026-04-14 13:19:07,302 [INFO] [SystemConfig] Cafe24.ACCESS_TOKEN 업데이트 완료
2026-04-14 13:19:07,353 [INFO] [SystemConfig] Cafe24.TOKEN_EXPIRES_AT 업데이트 완료
2026-04-14 13:19:07,407 [INFO] [SystemConfig] Cafe24.REFRESH_TOKEN 업데이트 완료
2026-04-14 13:19:07,461 [INFO] [SystemConfig] Cafe24.REFRESH_TOKEN_EXPIRES_AT 업데이트 완료
2026-04-14 13:19:07,476 [INFO] [INFO] 토큰 갱신 완료 (유효기간: 7200초)
2026-04-14 13:19:07,477 [INFO] [INFO] Access Token 갱신 성공
2026-04-14 13:20:19,430 [INFO]   성공: 수집 766건, Orders I/U 0/766, Details I/U 0/1431
2026-04-14 13:20:20,432 [INFO] 
[89/94] 2026-03-09 ~ 2026-03-16
2026-04-14 13:20:20,432 [INFO] [SystemConfig] DB 연결 시도 (1/3)...
2026-04-14 13:20:20,493 [INFO] [SystemConfig] 로드 완료: 54건
2026-04-14 13:20:20,494 [INFO] [SystemConfig] 카테고리: ['Cafe24', 'Sabangnet', 'General', 'MetaAdAPI', 'NaverAdAPI', 'Common', 'GoogleKeywordAPI', 'NaverKeywordAPI', 'API', 'Gemini', 'Notification', 'FrogCafe24']
2026-04-14 13:20:20,494 [INFO]   - Cafe24: ['ROLLING_DAYS', 'SLACK_ENABLED', 'SLACK_WEBHOOK_URL', 'MALL_ID', 'CLIENT_ID', 'CLIENT_SECRET', 'ACCESS_TOKEN', 'REFRESH_TOKEN', 'TOKEN_EXPIRES_AT', 'REFRESH_TOKEN_EXPIRES_AT', 'API_VERSION']
2026-04-14 13:20:20,494 [INFO]   - Sabangnet: ['ROLLING_DAYS', 'SLACK_ENABLED', 'SLACK_WEBHOOK_URL', 'COMPANY_ID', 'AUTH_KEY', 'API_URL']
2026-04-14 13:20:20,494 [INFO]   - General: ['BATCH_SIZE']
2026-04-14 13:20:20,495 [INFO]   - MetaAdAPI: ['APP_ID', 'APP_SECRET', 'ACCESS_TOKEN', 'AD_ACCOUNTS', 'SLACK_WEBHOOK_URL']
2026-04-14 13:20:20,495 [INFO]   - NaverAdAPI: ['CUSTOMER_ID', 'ACCESS_LICENSE', 'SECRET_KEY', 'TARGET_CAMPAIGN_NAME', 'SLACK_WEBHOOK_URL']
2026-04-14 13:20:20,495 [INFO]   - Common: ['USD_TO_KRW_RATE', 'SLACK_WEBHOOK_URL_SALES', 'BOK_API_KEY']
2026-04-14 13:20:20,496 [INFO]   - GoogleKeywordAPI: ['developer_token', 'client_id', 'client_secret', 'refresh_token', 'manager_customer_id', 'default_customer_id', 'SLACK_WEBHOOK_URL']
2026-04-14 13:20:20,496 [INFO]   - NaverKeywordAPI: ['customer_id', 'access_license', 'secret_key', 'SLACK_WEBHOOK_URL']
2026-04-14 13:20:20,496 [INFO]   - API: ['YOUTUBE_API_KEY']
2026-04-14 13:20:20,496 [INFO]   - Gemini: ['GEMINI_API_KEY']
2026-04-14 13:20:20,496 [INFO]   - Notification: ['SlackWebhookURL']
2026-04-14 13:20:20,497 [INFO]   - FrogCafe24: ['MALL_ID', 'CLIENT_ID', 'CLIENT_SECRET', 'ACCESS_TOKEN', 'REFRESH_TOKEN', 'API_VERSION', 'ROLLING_DAYS', 'TOKEN_EXPIRES_AT', 'REFRESH_TOKEN_EXPIRES_AT']
2026-04-14 13:20:20,497 [INFO] [INFO] SystemConfig DB에서 Access Token 로드 완료
2026-04-14 13:20:20,497 [INFO] [INFO] Refresh Token으로 Access Token 갱신 시도
2026-04-14 13:20:20,873 [INFO] [SystemConfig] Cafe24.ACCESS_TOKEN 업데이트 완료
2026-04-14 13:20:20,945 [INFO] [SystemConfig] Cafe24.TOKEN_EXPIRES_AT 업데이트 완료
2026-04-14 13:20:21,016 [INFO] [SystemConfig] Cafe24.REFRESH_TOKEN 업데이트 완료
2026-04-14 13:20:21,081 [INFO] [SystemConfig] Cafe24.REFRESH_TOKEN_EXPIRES_AT 업데이트 완료
2026-04-14 13:20:21,099 [INFO] [INFO] 토큰 갱신 완료 (유효기간: 7200초)
2026-04-14 13:20:21,101 [INFO] [INFO] Access Token 갱신 성공
2026-04-14 13:21:12,487 [INFO]   성공: 수집 531건, Orders I/U 0/531, Details I/U 0/1035
2026-04-14 13:21:13,489 [INFO] 
[90/94] 2026-03-16 ~ 2026-03-23
2026-04-14 13:21:13,489 [INFO] [SystemConfig] DB 연결 시도 (1/3)...
2026-04-14 13:21:13,521 [INFO] [SystemConfig] 로드 완료: 54건
2026-04-14 13:21:13,522 [INFO] [SystemConfig] 카테고리: ['Cafe24', 'Sabangnet', 'General', 'MetaAdAPI', 'NaverAdAPI', 'Common', 'GoogleKeywordAPI', 'NaverKeywordAPI', 'API', 'Gemini', 'Notification', 'FrogCafe24']
2026-04-14 13:21:13,522 [INFO]   - Cafe24: ['ROLLING_DAYS', 'SLACK_ENABLED', 'SLACK_WEBHOOK_URL', 'MALL_ID', 'CLIENT_ID', 'CLIENT_SECRET', 'ACCESS_TOKEN', 'REFRESH_TOKEN', 'TOKEN_EXPIRES_AT', 'REFRESH_TOKEN_EXPIRES_AT', 'API_VERSION']
2026-04-14 13:21:13,522 [INFO]   - Sabangnet: ['ROLLING_DAYS', 'SLACK_ENABLED', 'SLACK_WEBHOOK_URL', 'COMPANY_ID', 'AUTH_KEY', 'API_URL']
2026-04-14 13:21:13,522 [INFO]   - General: ['BATCH_SIZE']
2026-04-14 13:21:13,523 [INFO]   - MetaAdAPI: ['APP_ID', 'APP_SECRET', 'ACCESS_TOKEN', 'AD_ACCOUNTS', 'SLACK_WEBHOOK_URL']
2026-04-14 13:21:13,523 [INFO]   - NaverAdAPI: ['CUSTOMER_ID', 'ACCESS_LICENSE', 'SECRET_KEY', 'TARGET_CAMPAIGN_NAME', 'SLACK_WEBHOOK_URL']
2026-04-14 13:21:13,523 [INFO]   - Common: ['USD_TO_KRW_RATE', 'SLACK_WEBHOOK_URL_SALES', 'BOK_API_KEY']
2026-04-14 13:21:13,524 [INFO]   - GoogleKeywordAPI: ['developer_token', 'client_id', 'client_secret', 'refresh_token', 'manager_customer_id', 'default_customer_id', 'SLACK_WEBHOOK_URL']
2026-04-14 13:21:13,524 [INFO]   - NaverKeywordAPI: ['customer_id', 'access_license', 'secret_key', 'SLACK_WEBHOOK_URL']
2026-04-14 13:21:13,524 [INFO]   - API: ['YOUTUBE_API_KEY']
2026-04-14 13:21:13,524 [INFO]   - Gemini: ['GEMINI_API_KEY']
2026-04-14 13:21:13,524 [INFO]   - Notification: ['SlackWebhookURL']
2026-04-14 13:21:13,525 [INFO]   - FrogCafe24: ['MALL_ID', 'CLIENT_ID', 'CLIENT_SECRET', 'ACCESS_TOKEN', 'REFRESH_TOKEN', 'API_VERSION', 'ROLLING_DAYS', 'TOKEN_EXPIRES_AT', 'REFRESH_TOKEN_EXPIRES_AT']
2026-04-14 13:21:13,525 [INFO] [INFO] SystemConfig DB에서 Access Token 로드 완료
2026-04-14 13:21:13,525 [INFO] [INFO] Refresh Token으로 Access Token 갱신 시도
2026-04-14 13:21:13,865 [INFO] [SystemConfig] Cafe24.ACCESS_TOKEN 업데이트 완료
2026-04-14 13:21:13,924 [INFO] [SystemConfig] Cafe24.TOKEN_EXPIRES_AT 업데이트 완료
2026-04-14 13:21:13,981 [INFO] [SystemConfig] Cafe24.REFRESH_TOKEN 업데이트 완료
2026-04-14 13:21:14,039 [INFO] [SystemConfig] Cafe24.REFRESH_TOKEN_EXPIRES_AT 업데이트 완료
2026-04-14 13:21:14,055 [INFO] [INFO] 토큰 갱신 완료 (유효기간: 7200초)
2026-04-14 13:21:14,057 [INFO] [INFO] Access Token 갱신 성공
2026-04-14 13:22:29,941 [INFO]   성공: 수집 739건, Orders I/U 0/739, Details I/U 0/1437
2026-04-14 13:22:30,943 [INFO] 
[91/94] 2026-03-23 ~ 2026-03-30
2026-04-14 13:22:30,944 [INFO] [SystemConfig] DB 연결 시도 (1/3)...
2026-04-14 13:22:30,997 [INFO] [SystemConfig] 로드 완료: 54건
2026-04-14 13:22:30,997 [INFO] [SystemConfig] 카테고리: ['Cafe24', 'Sabangnet', 'General', 'MetaAdAPI', 'NaverAdAPI', 'Common', 'GoogleKeywordAPI', 'NaverKeywordAPI', 'API', 'Gemini', 'Notification', 'FrogCafe24']
2026-04-14 13:22:30,998 [INFO]   - Cafe24: ['ROLLING_DAYS', 'SLACK_ENABLED', 'SLACK_WEBHOOK_URL', 'MALL_ID', 'CLIENT_ID', 'CLIENT_SECRET', 'ACCESS_TOKEN', 'REFRESH_TOKEN', 'TOKEN_EXPIRES_AT', 'REFRESH_TOKEN_EXPIRES_AT', 'API_VERSION']
2026-04-14 13:22:30,998 [INFO]   - Sabangnet: ['ROLLING_DAYS', 'SLACK_ENABLED', 'SLACK_WEBHOOK_URL', 'COMPANY_ID', 'AUTH_KEY', 'API_URL']
2026-04-14 13:22:30,998 [INFO]   - General: ['BATCH_SIZE']
2026-04-14 13:22:30,998 [INFO]   - MetaAdAPI: ['APP_ID', 'APP_SECRET', 'ACCESS_TOKEN', 'AD_ACCOUNTS', 'SLACK_WEBHOOK_URL']
2026-04-14 13:22:30,999 [INFO]   - NaverAdAPI: ['CUSTOMER_ID', 'ACCESS_LICENSE', 'SECRET_KEY', 'TARGET_CAMPAIGN_NAME', 'SLACK_WEBHOOK_URL']
2026-04-14 13:22:30,999 [INFO]   - Common: ['USD_TO_KRW_RATE', 'SLACK_WEBHOOK_URL_SALES', 'BOK_API_KEY']
2026-04-14 13:22:30,999 [INFO]   - GoogleKeywordAPI: ['developer_token', 'client_id', 'client_secret', 'refresh_token', 'manager_customer_id', 'default_customer_id', 'SLACK_WEBHOOK_URL']
2026-04-14 13:22:30,999 [INFO]   - NaverKeywordAPI: ['customer_id', 'access_license', 'secret_key', 'SLACK_WEBHOOK_URL']
2026-04-14 13:22:31,000 [INFO]   - API: ['YOUTUBE_API_KEY']
2026-04-14 13:22:31,000 [INFO]   - Gemini: ['GEMINI_API_KEY']
2026-04-14 13:22:31,000 [INFO]   - Notification: ['SlackWebhookURL']
2026-04-14 13:22:31,000 [INFO]   - FrogCafe24: ['MALL_ID', 'CLIENT_ID', 'CLIENT_SECRET', 'ACCESS_TOKEN', 'REFRESH_TOKEN', 'API_VERSION', 'ROLLING_DAYS', 'TOKEN_EXPIRES_AT', 'REFRESH_TOKEN_EXPIRES_AT']
2026-04-14 13:22:31,000 [INFO] [INFO] SystemConfig DB에서 Access Token 로드 완료
2026-04-14 13:22:31,001 [INFO] [INFO] Refresh Token으로 Access Token 갱신 시도
2026-04-14 13:22:31,382 [INFO] [SystemConfig] Cafe24.ACCESS_TOKEN 업데이트 완료
2026-04-14 13:22:31,469 [INFO] [SystemConfig] Cafe24.TOKEN_EXPIRES_AT 업데이트 완료
2026-04-14 13:22:31,553 [INFO] [SystemConfig] Cafe24.REFRESH_TOKEN 업데이트 완료
2026-04-14 13:22:31,644 [INFO] [SystemConfig] Cafe24.REFRESH_TOKEN_EXPIRES_AT 업데이트 완료
2026-04-14 13:22:31,666 [INFO] [INFO] 토큰 갱신 완료 (유효기간: 7200초)
2026-04-14 13:22:31,667 [INFO] [INFO] Access Token 갱신 성공
2026-04-14 13:24:07,978 [INFO]   성공: 수집 922건, Orders I/U 0/922, Details I/U 0/1707
2026-04-14 13:24:08,979 [INFO] 
[92/94] 2026-03-30 ~ 2026-04-06
2026-04-14 13:24:08,979 [INFO] [SystemConfig] DB 연결 시도 (1/3)...
2026-04-14 13:24:09,003 [INFO] [SystemConfig] 로드 완료: 54건
2026-04-14 13:24:09,003 [INFO] [SystemConfig] 카테고리: ['Cafe24', 'Sabangnet', 'General', 'MetaAdAPI', 'NaverAdAPI', 'Common', 'GoogleKeywordAPI', 'NaverKeywordAPI', 'API', 'Gemini', 'Notification', 'FrogCafe24']
2026-04-14 13:24:09,003 [INFO]   - Cafe24: ['ROLLING_DAYS', 'SLACK_ENABLED', 'SLACK_WEBHOOK_URL', 'MALL_ID', 'CLIENT_ID', 'CLIENT_SECRET', 'ACCESS_TOKEN', 'REFRESH_TOKEN', 'TOKEN_EXPIRES_AT', 'REFRESH_TOKEN_EXPIRES_AT', 'API_VERSION']
2026-04-14 13:24:09,004 [INFO]   - Sabangnet: ['ROLLING_DAYS', 'SLACK_ENABLED', 'SLACK_WEBHOOK_URL', 'COMPANY_ID', 'AUTH_KEY', 'API_URL']
2026-04-14 13:24:09,004 [INFO]   - General: ['BATCH_SIZE']
2026-04-14 13:24:09,004 [INFO]   - MetaAdAPI: ['APP_ID', 'APP_SECRET', 'ACCESS_TOKEN', 'AD_ACCOUNTS', 'SLACK_WEBHOOK_URL']
2026-04-14 13:24:09,004 [INFO]   - NaverAdAPI: ['CUSTOMER_ID', 'ACCESS_LICENSE', 'SECRET_KEY', 'TARGET_CAMPAIGN_NAME', 'SLACK_WEBHOOK_URL']
2026-04-14 13:24:09,004 [INFO]   - Common: ['USD_TO_KRW_RATE', 'SLACK_WEBHOOK_URL_SALES', 'BOK_API_KEY']
2026-04-14 13:24:09,005 [INFO]   - GoogleKeywordAPI: ['developer_token', 'client_id', 'client_secret', 'refresh_token', 'manager_customer_id', 'default_customer_id', 'SLACK_WEBHOOK_URL']
2026-04-14 13:24:09,005 [INFO]   - NaverKeywordAPI: ['customer_id', 'access_license', 'secret_key', 'SLACK_WEBHOOK_URL']
2026-04-14 13:24:09,005 [INFO]   - API: ['YOUTUBE_API_KEY']
2026-04-14 13:24:09,005 [INFO]   - Gemini: ['GEMINI_API_KEY']
2026-04-14 13:24:09,005 [INFO]   - Notification: ['SlackWebhookURL']
2026-04-14 13:24:09,005 [INFO]   - FrogCafe24: ['MALL_ID', 'CLIENT_ID', 'CLIENT_SECRET', 'ACCESS_TOKEN', 'REFRESH_TOKEN', 'API_VERSION', 'ROLLING_DAYS', 'TOKEN_EXPIRES_AT', 'REFRESH_TOKEN_EXPIRES_AT']
2026-04-14 13:24:09,006 [INFO] [INFO] SystemConfig DB에서 Access Token 로드 완료
2026-04-14 13:24:09,006 [INFO] [INFO] Refresh Token으로 Access Token 갱신 시도
2026-04-14 13:24:09,360 [INFO] [SystemConfig] Cafe24.ACCESS_TOKEN 업데이트 완료
2026-04-14 13:24:09,405 [INFO] [SystemConfig] Cafe24.TOKEN_EXPIRES_AT 업데이트 완료
2026-04-14 13:24:09,452 [INFO] [SystemConfig] Cafe24.REFRESH_TOKEN 업데이트 완료
2026-04-14 13:24:09,496 [INFO] [SystemConfig] Cafe24.REFRESH_TOKEN_EXPIRES_AT 업데이트 완료
2026-04-14 13:24:09,513 [INFO] [INFO] 토큰 갱신 완료 (유효기간: 7200초)
2026-04-14 13:24:09,514 [INFO] [INFO] Access Token 갱신 성공
2026-04-14 13:25:26,300 [INFO]   성공: 수집 910건, Orders I/U 0/910, Details I/U 0/1694
2026-04-14 13:25:27,301 [INFO] 
[93/94] 2026-04-06 ~ 2026-04-13
2026-04-14 13:25:27,302 [INFO] [SystemConfig] DB 연결 시도 (1/3)...
2026-04-14 13:25:27,346 [INFO] [SystemConfig] 로드 완료: 54건
2026-04-14 13:25:27,347 [INFO] [SystemConfig] 카테고리: ['Cafe24', 'Sabangnet', 'General', 'MetaAdAPI', 'NaverAdAPI', 'Common', 'GoogleKeywordAPI', 'NaverKeywordAPI', 'API', 'Gemini', 'Notification', 'FrogCafe24']
2026-04-14 13:25:27,347 [INFO]   - Cafe24: ['ROLLING_DAYS', 'SLACK_ENABLED', 'SLACK_WEBHOOK_URL', 'MALL_ID', 'CLIENT_ID', 'CLIENT_SECRET', 'ACCESS_TOKEN', 'REFRESH_TOKEN', 'TOKEN_EXPIRES_AT', 'REFRESH_TOKEN_EXPIRES_AT', 'API_VERSION']
2026-04-14 13:25:27,347 [INFO]   - Sabangnet: ['ROLLING_DAYS', 'SLACK_ENABLED', 'SLACK_WEBHOOK_URL', 'COMPANY_ID', 'AUTH_KEY', 'API_URL']
2026-04-14 13:25:27,347 [INFO]   - General: ['BATCH_SIZE']
2026-04-14 13:25:27,348 [INFO]   - MetaAdAPI: ['APP_ID', 'APP_SECRET', 'ACCESS_TOKEN', 'AD_ACCOUNTS', 'SLACK_WEBHOOK_URL']
2026-04-14 13:25:27,348 [INFO]   - NaverAdAPI: ['CUSTOMER_ID', 'ACCESS_LICENSE', 'SECRET_KEY', 'TARGET_CAMPAIGN_NAME', 'SLACK_WEBHOOK_URL']
2026-04-14 13:25:27,348 [INFO]   - Common: ['USD_TO_KRW_RATE', 'SLACK_WEBHOOK_URL_SALES', 'BOK_API_KEY']
2026-04-14 13:25:27,349 [INFO]   - GoogleKeywordAPI: ['developer_token', 'client_id', 'client_secret', 'refresh_token', 'manager_customer_id', 'default_customer_id', 'SLACK_WEBHOOK_URL']
2026-04-14 13:25:27,349 [INFO]   - NaverKeywordAPI: ['customer_id', 'access_license', 'secret_key', 'SLACK_WEBHOOK_URL']
2026-04-14 13:25:27,349 [INFO]   - API: ['YOUTUBE_API_KEY']
2026-04-14 13:25:27,349 [INFO]   - Gemini: ['GEMINI_API_KEY']
2026-04-14 13:25:27,349 [INFO]   - Notification: ['SlackWebhookURL']
2026-04-14 13:25:27,349 [INFO]   - FrogCafe24: ['MALL_ID', 'CLIENT_ID', 'CLIENT_SECRET', 'ACCESS_TOKEN', 'REFRESH_TOKEN', 'API_VERSION', 'ROLLING_DAYS', 'TOKEN_EXPIRES_AT', 'REFRESH_TOKEN_EXPIRES_AT']
2026-04-14 13:25:27,349 [INFO] [INFO] SystemConfig DB에서 Access Token 로드 완료
2026-04-14 13:25:27,350 [INFO] [INFO] Refresh Token으로 Access Token 갱신 시도
2026-04-14 13:25:27,716 [INFO] [SystemConfig] Cafe24.ACCESS_TOKEN 업데이트 완료
2026-04-14 13:25:27,787 [INFO] [SystemConfig] Cafe24.TOKEN_EXPIRES_AT 업데이트 완료
2026-04-14 13:25:27,847 [INFO] [SystemConfig] Cafe24.REFRESH_TOKEN 업데이트 완료
2026-04-14 13:25:27,912 [INFO] [SystemConfig] Cafe24.REFRESH_TOKEN_EXPIRES_AT 업데이트 완료
2026-04-14 13:25:27,931 [INFO] [INFO] 토큰 갱신 완료 (유효기간: 7200초)
2026-04-14 13:25:27,932 [INFO] [INFO] Access Token 갱신 성공
2026-04-14 13:26:35,387 [INFO]   성공: 수집 772건, Orders I/U 17/755, Details I/U 27/1370
2026-04-14 13:26:36,391 [INFO] 
[94/94] 2026-04-13 ~ 2026-04-14
2026-04-14 13:26:36,392 [INFO] [SystemConfig] DB 연결 시도 (1/3)...
2026-04-14 13:26:36,426 [INFO] [SystemConfig] 로드 완료: 54건
2026-04-14 13:26:36,426 [INFO] [SystemConfig] 카테고리: ['Cafe24', 'Sabangnet', 'General', 'MetaAdAPI', 'NaverAdAPI', 'Common', 'GoogleKeywordAPI', 'NaverKeywordAPI', 'API', 'Gemini', 'Notification', 'FrogCafe24']
2026-04-14 13:26:36,426 [INFO]   - Cafe24: ['ROLLING_DAYS', 'SLACK_ENABLED', 'SLACK_WEBHOOK_URL', 'MALL_ID', 'CLIENT_ID', 'CLIENT_SECRET', 'ACCESS_TOKEN', 'REFRESH_TOKEN', 'TOKEN_EXPIRES_AT', 'REFRESH_TOKEN_EXPIRES_AT', 'API_VERSION']
2026-04-14 13:26:36,427 [INFO]   - Sabangnet: ['ROLLING_DAYS', 'SLACK_ENABLED', 'SLACK_WEBHOOK_URL', 'COMPANY_ID', 'AUTH_KEY', 'API_URL']
2026-04-14 13:26:36,427 [INFO]   - General: ['BATCH_SIZE']
2026-04-14 13:26:36,427 [INFO]   - MetaAdAPI: ['APP_ID', 'APP_SECRET', 'ACCESS_TOKEN', 'AD_ACCOUNTS', 'SLACK_WEBHOOK_URL']
2026-04-14 13:26:36,427 [INFO]   - NaverAdAPI: ['CUSTOMER_ID', 'ACCESS_LICENSE', 'SECRET_KEY', 'TARGET_CAMPAIGN_NAME', 'SLACK_WEBHOOK_URL']
2026-04-14 13:26:36,427 [INFO]   - Common: ['USD_TO_KRW_RATE', 'SLACK_WEBHOOK_URL_SALES', 'BOK_API_KEY']
2026-04-14 13:26:36,428 [INFO]   - GoogleKeywordAPI: ['developer_token', 'client_id', 'client_secret', 'refresh_token', 'manager_customer_id', 'default_customer_id', 'SLACK_WEBHOOK_URL']
2026-04-14 13:26:36,428 [INFO]   - NaverKeywordAPI: ['customer_id', 'access_license', 'secret_key', 'SLACK_WEBHOOK_URL']
2026-04-14 13:26:36,428 [INFO]   - API: ['YOUTUBE_API_KEY']
2026-04-14 13:26:36,428 [INFO]   - Gemini: ['GEMINI_API_KEY']
2026-04-14 13:26:36,429 [INFO]   - Notification: ['SlackWebhookURL']
2026-04-14 13:26:36,429 [INFO]   - FrogCafe24: ['MALL_ID', 'CLIENT_ID', 'CLIENT_SECRET', 'ACCESS_TOKEN', 'REFRESH_TOKEN', 'API_VERSION', 'ROLLING_DAYS', 'TOKEN_EXPIRES_AT', 'REFRESH_TOKEN_EXPIRES_AT']
2026-04-14 13:26:36,429 [INFO] [INFO] SystemConfig DB에서 Access Token 로드 완료
2026-04-14 13:26:36,429 [INFO] [INFO] Refresh Token으로 Access Token 갱신 시도
2026-04-14 13:26:37,034 [INFO] [SystemConfig] Cafe24.ACCESS_TOKEN 업데이트 완료
2026-04-14 13:26:37,080 [INFO] [SystemConfig] Cafe24.TOKEN_EXPIRES_AT 업데이트 완료
2026-04-14 13:26:37,131 [INFO] [SystemConfig] Cafe24.REFRESH_TOKEN 업데이트 완료
2026-04-14 13:26:37,182 [INFO] [SystemConfig] Cafe24.REFRESH_TOKEN_EXPIRES_AT 업데이트 완료
2026-04-14 13:26:37,194 [INFO] [INFO] 토큰 갱신 완료 (유효기간: 7200초)
2026-04-14 13:26:37,196 [INFO] [INFO] Access Token 갱신 성공
2026-04-14 13:26:52,938 [INFO]   성공: 수집 127건, Orders I/U 58/69, Details I/U 108/120
2026-04-14 13:26:53,942 [INFO] 
=== OrdersRealtime MERGE 시작 ===
2026-04-14 13:26:59,788 [INFO] OrdersRealtime: 53138건 처리
2026-04-14 13:26:59,791 [INFO] 
=== Backfill 완료 ===
2026-04-14 13:26:59,792 [INFO] 완료 구간: 94개
2026-04-14 13:26:59,792 [INFO] 실패 구간: 0개
